"name","producer","vintage","region","category","tww_opinion","slug"
"Clos de Tart 2019","Clos de Tart","2019","Morey-Saint-Denis","Bourgogne","L'avis The Wine Watchers
Nous sélectionnons ce Clos de Tart 2019 du Domaine Clos de Tart pour la noblesse de ses arômes, la précision de son interprétation par le domaine et sa capacité à exprimer avec justesse l'identité de la Bourgogne. Plus qu'un simple symbole de prestige, il représente une rencontre rare entre un terroir d'exception, un savoir-faire exigeant et une expression singulière du Pinot Noir. Chaque millésime révèle une nouvelle lecture du lieu, avec cet équilibre entre profondeur, finesse et émotion qui fait des grands vins de Bourgogne des références intemporelles.","clos-de-tart-2019"
"Clos de Tart 2020","Clos de Tart","2020","Morey-Saint-Denis","Bourgogne","L'avis The Wine Watchers
Nous sélectionnons ce Clos de Tart 2020 du Domaine Clos de Tart pour la noblesse de ses arômes, la précision de son interprétation par le domaine et sa capacité à exprimer avec justesse l'identité de la Bourgogne. Plus qu'un simple symbole de prestige, il représente une rencontre rare entre un terroir d'exception, un savoir-faire exigeant et une expression singulière du Pinot Noir. Chaque millésime révèle une nouvelle lecture du lieu, avec cet équilibre entre profondeur, finesse et émotion qui fait des grands vins de Bourgogne des références intemporelles.","clos-de-tart-2020"
"Clos de Tart 2021","Clos de Tart","2021","Morey-Saint-Denis","Bourgogne","L'avis The Wine Watchers
Nous sélectionnons ce Clos de Tart 2021 du Domaine Clos de Tart pour la noblesse de ses arômes, la précision de son interprétation par le domaine et sa capacité à exprimer avec justesse l'identité de la Bourgogne. Plus qu'un simple symbole de prestige, il représente une rencontre rare entre un terroir d'exception, un savoir-faire exigeant et une expression singulière du Pinot Noir. Chaque millésime révèle une nouvelle lecture du lieu, avec cet équilibre entre profondeur, finesse et émotion qui fait des grands vins de Bourgogne des références intemporelles.","clos-de-tart-2021"
"Clos de Tart 2022","Clos de Tart","2022","Morey-Saint-Denis","Bourgogne","L'avis The Wine Watchers
Nous sélectionnons ce Clos de Tart 2022 du Domaine Clos de Tart pour la noblesse de ses arômes, la précision de son interprétation par le domaine et sa capacité à exprimer avec justesse l'identité de la Bourgogne. Plus qu'un simple symbole de prestige, il représente une rencontre rare entre un terroir d'exception, un savoir-faire exigeant et une expression singulière du Pinot Noir. Chaque millésime révèle une nouvelle lecture du lieu, avec cet équilibre entre profondeur, finesse et émotion qui fait des grands vins de Bourgogne des références intemporelles.","clos-de-tart-grand-cru-2022"
"Clos des Lambrays Grand Cru 2020","Clos des Lambrays","2020","Bourgogne","Bourgogne","L'avis The Wine Watchers
Nous sélectionnons ce Clos des Lambrays 2020 du Domaine des Lambrays pour la noblesse de ses arômes, la précision de son interprétation par le domaine et sa capacité à exprimer avec justesse l'identité de la Bourgogne. Plus qu'un simple symbole de prestige, il représente une rencontre rare entre un terroir d'exception, un savoir-faire exigeant et une expression singulière du Pinot Noir. Chaque millésime révèle une nouvelle lecture du lieu, avec cet équilibre entre profondeur, finesse et émotion qui fait des grands vins de Bourgogne des références intemporelles.","clos-des-lambrays-2020"
"Clos des Lambrays Grand Cru 2021","Clos des Lambrays","2021","Bourgogne","Bourgogne","L'avis The Wine Watchers
Nous sélectionnons ce Clos des Lambrays 2021 du Domaine des Lambrays pour la noblesse de ses arômes, la précision de son interprétation par le domaine et sa capacité à exprimer avec justesse l'identité de la Bourgogne. Plus qu'un simple symbole de prestige, il représente une rencontre rare entre un terroir d'exception, un savoir-faire exigeant et une expression singulière du Pinot Noir. Chaque millésime révèle une nouvelle lecture du lieu, avec cet équilibre entre profondeur, finesse et émotion qui fait des grands vins de Bourgogne des références intemporelles.","clos-des-lambrays-2021"
"Clos des Lambrays Grand Cru 2022","Clos des Lambrays","2022","Bourgogne","Bourgogne","L'avis The Wine Watchers
Nous sélectionnons ce Clos des Lambrays 2022 du Domaine des Lambrays pour la noblesse de ses arômes, la précision de son interprétation par le domaine et sa capacité à exprimer avec justesse l'identité de la Bourgogne. Plus qu'un simple symbole de prestige, il représente une rencontre rare entre un terroir d'exception, un savoir-faire exigeant et une expression singulière du Pinot Noir. Chaque millésime révèle une nouvelle lecture du lieu, avec cet équilibre entre profondeur, finesse et émotion qui fait des grands vins de Bourgogne des références intemporelles.","clos-des-lambrays-2022"
"Clos des Lambrays Grand Cru 2023","Clos des Lambrays","2023","Bourgogne","Bourgogne","L'avis The Wine Watchers
Nous sélectionnons ce Clos des Lambrays 2023 du Domaine des Lambrays pour la noblesse de ses arômes, la précision de son interprétation par le domaine et sa capacité à exprimer avec justesse l'identité de la Bourgogne. Plus qu'un simple symbole de prestige, il représente une rencontre rare entre un terroir d'exception, un savoir-faire exigeant et une expression singulière du Pinot Noir. Chaque millésime révèle une nouvelle lecture du lieu, avec cet équilibre entre profondeur, finesse et émotion qui fait des grands vins de Bourgogne des références intemporelles.","clos-des-lambrays-2023"
"Meursault Village 2019","Coche-Dury","2019","Bourgogne","Bourgogne","L’avis The Wine Watchers :

Nous sélectionnons les vins du **Domaine Coche-Dury** pour leur intensité, leur précision et leur capacité exceptionnelle à exprimer les grands terroirs de Meursault. Peu de domaines parviennent à conjuguer avec autant de maîtrise richesse de matière, tension minérale et profondeur aromatique.

Ce qui nous séduit particulièrement est l’énergie qui traverse chaque cuvée. Malgré leur ampleur et leur concentration, les vins conservent une remarquable fraîcheur, soutenue par une trame minérale précise et des finales d’une grande persistance. Le boisé, toujours parfaitement intégré, accompagne la texture sans jamais dominer l’expression du Chardonnay.

Nous apprécions également la rigueur du travail accompli à la vigne comme au chai. Rendements maîtrisés, maturité parfaitement suivie, élevages précis et interventions mesurées permettent de préserver l’identité de chaque climat. Cette exigence donne naissance à des vins d’une grande personnalité, immédiatement reconnaissables mais toujours fidèles à leur origine.

Dans leur jeunesse, ils dévoilent des notes de citron mûr, de poire, de fleurs blanches, de noisette, de beurre fin et de pierre à fusil. Avec le temps, ils gagnent en complexité et développent des nuances de miel, de fruits secs, de truffe blanche, d’épices douces et de sous-bois.

Pour **The Wine Watchers**, le Domaine Coche-Dury incarne l’une des expressions les plus accomplies du Chardonnay bourguignon. Rares, profonds et dotés d’un potentiel de garde exceptionnel, ses vins comptent parmi les plus grands blancs de Bourgogne et du monde.","meursault-village-2019-coche-dury"
"Meursault Village 2020","Coche-Dury","2020","Bourgogne","Bourgogne","L’avis The Wine Watchers :

Nous sélectionnons les vins du **Domaine Coche-Dury** pour leur intensité, leur précision et leur capacité exceptionnelle à exprimer les grands terroirs de Meursault. Peu de domaines parviennent à conjuguer avec autant de maîtrise richesse de matière, tension minérale et profondeur aromatique.

Ce qui nous séduit particulièrement est l’énergie qui traverse chaque cuvée. Malgré leur ampleur et leur concentration, les vins conservent une remarquable fraîcheur, soutenue par une trame minérale précise et des finales d’une grande persistance. Le boisé, toujours parfaitement intégré, accompagne la texture sans jamais dominer l’expression du Chardonnay.

Nous apprécions également la rigueur du travail accompli à la vigne comme au chai. Rendements maîtrisés, maturité parfaitement suivie, élevages précis et interventions mesurées permettent de préserver l’identité de chaque climat. Cette exigence donne naissance à des vins d’une grande personnalité, immédiatement reconnaissables mais toujours fidèles à leur origine.

Dans leur jeunesse, ils dévoilent des notes de citron mûr, de poire, de fleurs blanches, de noisette, de beurre fin et de pierre à fusil. Avec le temps, ils gagnent en complexité et développent des nuances de miel, de fruits secs, de truffe blanche, d’épices douces et de sous-bois.

Pour **The Wine Watchers**, le Domaine Coche-Dury incarne l’une des expressions les plus accomplies du Chardonnay bourguignon. Rares, profonds et dotés d’un potentiel de garde exceptionnel, ses vins comptent parmi les plus grands blancs de Bourgogne et du monde.","meursault-village-2020-coche-dury"
"Meursault Village 2020","Coche-Dury","2020","Bourgogne","Bourgogne","L’avis The Wine Watchers :

Nous sélectionnons les vins du **Domaine Coche-Dury** pour leur intensité, leur précision et leur capacité exceptionnelle à exprimer les grands terroirs de Meursault. Peu de domaines parviennent à conjuguer avec autant de maîtrise richesse de matière, tension minérale et profondeur aromatique.

Ce qui nous séduit particulièrement est l’énergie qui traverse chaque cuvée. Malgré leur ampleur et leur concentration, les vins conservent une remarquable fraîcheur, soutenue par une trame minérale précise et des finales d’une grande persistance. Le boisé, toujours parfaitement intégré, accompagne la texture sans jamais dominer l’expression du Chardonnay.

Nous apprécions également la rigueur du travail accompli à la vigne comme au chai. Rendements maîtrisés, maturité parfaitement suivie, élevages précis et interventions mesurées permettent de préserver l’identité de chaque climat. Cette exigence donne naissance à des vins d’une grande personnalité, immédiatement reconnaissables mais toujours fidèles à leur origine.

Dans leur jeunesse, ils dévoilent des notes de citron mûr, de poire, de fleurs blanches, de noisette, de beurre fin et de pierre à fusil. Avec le temps, ils gagnent en complexité et développent des nuances de miel, de fruits secs, de truffe blanche, d’épices douces et de sous-bois.

Pour **The Wine Watchers**, le Domaine Coche-Dury incarne l’une des expressions les plus accomplies du Chardonnay bourguignon. Rares, profonds et dotés d’un potentiel de garde exceptionnel, ses vins comptent parmi les plus grands blancs de Bourgogne et du monde.","meursault-village-2020-6-bt-coche-dury"
"Meursault Village 2022","Coche-Dury","2022","Bourgogne","Bourgogne","L’avis The Wine Watchers :

Nous sélectionnons les vins du **Domaine Coche-Dury** pour leur intensité, leur précision et leur capacité exceptionnelle à exprimer les grands terroirs de Meursault. Peu de domaines parviennent à conjuguer avec autant de maîtrise richesse de matière, tension minérale et profondeur aromatique.

Ce qui nous séduit particulièrement est l’énergie qui traverse chaque cuvée. Malgré leur ampleur et leur concentration, les vins conservent une remarquable fraîcheur, soutenue par une trame minérale précise et des finales d’une grande persistance. Le boisé, toujours parfaitement intégré, accompagne la texture sans jamais dominer l’expression du Chardonnay.

Nous apprécions également la rigueur du travail accompli à la vigne comme au chai. Rendements maîtrisés, maturité parfaitement suivie, élevages précis et interventions mesurées permettent de préserver l’identité de chaque climat. Cette exigence donne naissance à des vins d’une grande personnalité, immédiatement reconnaissables mais toujours fidèles à leur origine.

Dans leur jeunesse, ils dévoilent des notes de citron mûr, de poire, de fleurs blanches, de noisette, de beurre fin et de pierre à fusil. Avec le temps, ils gagnent en complexité et développent des nuances de miel, de fruits secs, de truffe blanche, d’épices douces et de sous-bois.

Pour **The Wine Watchers**, le Domaine Coche-Dury incarne l’une des expressions les plus accomplies du Chardonnay bourguignon. Rares, profonds et dotés d’un potentiel de garde exceptionnel, ses vins comptent parmi les plus grands blancs de Bourgogne et du monde.","meursault-village-2022-coche-dury"
"Meursault Village 2023","Coche-Dury","2023","Bourgogne","Bourgogne","L’avis The Wine Watchers :

Nous sélectionnons les vins du **Domaine Coche-Dury** pour leur intensité, leur précision et leur capacité exceptionnelle à exprimer les grands terroirs de Meursault. Peu de domaines parviennent à conjuguer avec autant de maîtrise richesse de matière, tension minérale et profondeur aromatique.

Ce qui nous séduit particulièrement est l’énergie qui traverse chaque cuvée. Malgré leur ampleur et leur concentration, les vins conservent une remarquable fraîcheur, soutenue par une trame minérale précise et des finales d’une grande persistance. Le boisé, toujours parfaitement intégré, accompagne la texture sans jamais dominer l’expression du Chardonnay.

Nous apprécions également la rigueur du travail accompli à la vigne comme au chai. Rendements maîtrisés, maturité parfaitement suivie, élevages précis et interventions mesurées permettent de préserver l’identité de chaque climat. Cette exigence donne naissance à des vins d’une grande personnalité, immédiatement reconnaissables mais toujours fidèles à leur origine.

Dans leur jeunesse, ils dévoilent des notes de citron mûr, de poire, de fleurs blanches, de noisette, de beurre fin et de pierre à fusil. Avec le temps, ils gagnent en complexité et développent des nuances de miel, de fruits secs, de truffe blanche, d’épices douces et de sous-bois.

Pour **The Wine Watchers**, le Domaine Coche-Dury incarne l’une des expressions les plus accomplies du Chardonnay bourguignon. Rares, profonds et dotés d’un potentiel de garde exceptionnel, ses vins comptent parmi les plus grands blancs de Bourgogne et du monde.","meursault-village-2023-coche-dury"
"Bonnes-Mares Grand Cru 2021","Comte Georges de Vogüé","2021","Bourgogne","Bourgogne","L'avis The Wine Watchers
Nous sélectionnons ce Bonnes-Mares Grand Cru 2021 du Domaine Comte Georges de Vogüé pour la noblesse de ses arômes, la précision de son interprétation par le domaine et sa capacité à exprimer avec justesse l'identité de la Bourgogne. Plus qu'un simple symbole de prestige, il représente une rencontre rare entre un terroir d'exception, un savoir-faire exigeant et une expression singulière du Pinot Noir. Chaque millésime révèle une nouvelle lecture du lieu, avec cet équilibre entre profondeur, finesse et émotion qui fait des grands vins de Bourgogne des références intemporelles.","bonnes-mares-grand-cru-2021"
"Bonnes-Mares Grand Cru 2022","Comte Georges de Vogüé","2022","Bourgogne","Bourgogne","L'avis The Wine Watchers
Nous sélectionnons ce Bonnes-Mares Grand Cru 2022 du Domaine Comte Georges de Vogüé pour la noblesse de ses arômes, la précision de son interprétation par le domaine et sa capacité à exprimer avec justesse l'identité de la Bourgogne. Plus qu'un simple symbole de prestige, il représente une rencontre rare entre un terroir d'exception, un savoir-faire exigeant et une expression singulière du Pinot Noir. Chaque millésime révèle une nouvelle lecture du lieu, avec cet équilibre entre profondeur, finesse et émotion qui fait des grands vins de Bourgogne des références intemporelles.","bonnes-mares-2022-comte-de-vogue"
"Bonnes-Mares Grand Cru 2023","Comte Georges de Vogüé","2023","Bourgogne","Bourgogne","L'avis The Wine Watchers
Nous sélectionnons ce Bonnes-Mares Grand Cru 2023 du Domaine Comte Georges de Vogüé pour la noblesse de ses arômes, la précision de son interprétation par le domaine et sa capacité à exprimer avec justesse l'identité de la Bourgogne. Plus qu'un simple symbole de prestige, il représente une rencontre rare entre un terroir d'exception, un savoir-faire exigeant et une expression singulière du Pinot Noir. Chaque millésime révèle une nouvelle lecture du lieu, avec cet équilibre entre profondeur, finesse et émotion qui fait des grands vins de Bourgogne des références intemporelles.","bonnes-mares-grand-cru-de-vogue-2023"
"Echezeaux Grand Cru 2012","Comte Liger-Belair","2012","Côte de Nuits","Bourgogne","L’avis The Wine Watchers :

Nous sélectionnons les vins du **Domaine du Comte Liger-Belair** pour leur distinction, leur précision et leur capacité à traduire avec une rare pureté les grands terroirs de Vosne-Romanée. Chaque cuvée révèle une approche profondément parcellaire, où l’élégance du Pinot Noir s’exprime avec autant de finesse que de profondeur.

Ce qui nous séduit particulièrement est l’équilibre entre concentration et légèreté. Les vins possèdent une matière soyeuse, des tanins d’une extrême finesse et une tension minérale qui leur apporte fraîcheur, énergie et remarquable persistance. Rien n’y paraît forcé : la puissance demeure contenue, au service de l’harmonie et de l’identité du climat.

Nous apprécions également la philosophie de Louis-Michel Liger-Belair, fondée sur un travail rigoureux des sols, des rendements maîtrisés et une vinification peu interventionniste. Cette exigence permet de préserver la délicatesse du fruit, la complexité florale et épicée ainsi que la signature propre de chaque parcelle.

Avec le temps, les arômes de cerise, de framboise, de violette et de rose gagnent en profondeur, laissant apparaître des nuances de sous-bois, de truffe, d’encens et d’épices nobles. Les plus grandes cuvées possèdent ainsi un potentiel d’évolution exceptionnel, sans jamais perdre leur précision ni leur éclat.

Pour **The Wine Watchers**, le Domaine du Comte Liger-Belair incarne l’une des expressions les plus raffinées et les plus émouvantes de la Bourgogne contemporaine. Rare, aristocratique et profondément fidèle à son terroir, chaque bouteille illustre avec éclat la grandeur des meilleurs climats de Vosne-Romanée.","echezeaux-grand-cru-2012-liger-belair"
"Echezeaux Grand Cru 2013","Comte Liger-Belair","2013","Côte de Nuits","Bourgogne","L’avis The Wine Watchers :

Nous sélectionnons les vins du **Domaine du Comte Liger-Belair** pour leur distinction, leur précision et leur capacité à traduire avec une rare pureté les grands terroirs de Vosne-Romanée. Chaque cuvée révèle une approche profondément parcellaire, où l’élégance du Pinot Noir s’exprime avec autant de finesse que de profondeur.

Ce qui nous séduit particulièrement est l’équilibre entre concentration et légèreté. Les vins possèdent une matière soyeuse, des tanins d’une extrême finesse et une tension minérale qui leur apporte fraîcheur, énergie et remarquable persistance. Rien n’y paraît forcé : la puissance demeure contenue, au service de l’harmonie et de l’identité du climat.

Nous apprécions également la philosophie de Louis-Michel Liger-Belair, fondée sur un travail rigoureux des sols, des rendements maîtrisés et une vinification peu interventionniste. Cette exigence permet de préserver la délicatesse du fruit, la complexité florale et épicée ainsi que la signature propre de chaque parcelle.

Avec le temps, les arômes de cerise, de framboise, de violette et de rose gagnent en profondeur, laissant apparaître des nuances de sous-bois, de truffe, d’encens et d’épices nobles. Les plus grandes cuvées possèdent ainsi un potentiel d’évolution exceptionnel, sans jamais perdre leur précision ni leur éclat.

Pour **The Wine Watchers**, le Domaine du Comte Liger-Belair incarne l’une des expressions les plus raffinées et les plus émouvantes de la Bourgogne contemporaine. Rare, aristocratique et profondément fidèle à son terroir, chaque bouteille illustre avec éclat la grandeur des meilleurs climats de Vosne-Romanée.","echezeaux-grand-cru-2013-liger-belair"
"Echezeaux Grand Cru 2014","Comte Liger-Belair","2014","Côte de Nuits","Bourgogne","L’avis The Wine Watchers :

Nous sélectionnons les vins du **Domaine du Comte Liger-Belair** pour leur distinction, leur précision et leur capacité à traduire avec une rare pureté les grands terroirs de Vosne-Romanée. Chaque cuvée révèle une approche profondément parcellaire, où l’élégance du Pinot Noir s’exprime avec autant de finesse que de profondeur.

Ce qui nous séduit particulièrement est l’équilibre entre concentration et légèreté. Les vins possèdent une matière soyeuse, des tanins d’une extrême finesse et une tension minérale qui leur apporte fraîcheur, énergie et remarquable persistance. Rien n’y paraît forcé : la puissance demeure contenue, au service de l’harmonie et de l’identité du climat.

Nous apprécions également la philosophie de Louis-Michel Liger-Belair, fondée sur un travail rigoureux des sols, des rendements maîtrisés et une vinification peu interventionniste. Cette exigence permet de préserver la délicatesse du fruit, la complexité florale et épicée ainsi que la signature propre de chaque parcelle.

Avec le temps, les arômes de cerise, de framboise, de violette et de rose gagnent en profondeur, laissant apparaître des nuances de sous-bois, de truffe, d’encens et d’épices nobles. Les plus grandes cuvées possèdent ainsi un potentiel d’évolution exceptionnel, sans jamais perdre leur précision ni leur éclat.

Pour **The Wine Watchers**, le Domaine du Comte Liger-Belair incarne l’une des expressions les plus raffinées et les plus émouvantes de la Bourgogne contemporaine. Rare, aristocratique et profondément fidèle à son terroir, chaque bouteille illustre avec éclat la grandeur des meilleurs climats de Vosne-Romanée.","echezeaux-grand-cru-2014-liger-belair"
"La Romanée Grand Cru 2014","Comte Liger-Belair","2014","Côte de Nuits","Bourgogne","L’avis The Wine Watchers :

Nous sélectionnons les vins du **Domaine du Comte Liger-Belair** pour leur distinction, leur précision et leur capacité à traduire avec une rare pureté les grands terroirs de Vosne-Romanée. Chaque cuvée révèle une approche profondément parcellaire, où l’élégance du Pinot Noir s’exprime avec autant de finesse que de profondeur.

Ce qui nous séduit particulièrement est l’équilibre entre concentration et légèreté. Les vins possèdent une matière soyeuse, des tanins d’une extrême finesse et une tension minérale qui leur apporte fraîcheur, énergie et remarquable persistance. Rien n’y paraît forcé : la puissance demeure contenue, au service de l’harmonie et de l’identité du climat.

Nous apprécions également la philosophie de Louis-Michel Liger-Belair, fondée sur un travail rigoureux des sols, des rendements maîtrisés et une vinification peu interventionniste. Cette exigence permet de préserver la délicatesse du fruit, la complexité florale et épicée ainsi que la signature propre de chaque parcelle.

Avec le temps, les arômes de cerise, de framboise, de violette et de rose gagnent en profondeur, laissant apparaître des nuances de sous-bois, de truffe, d’encens et d’épices nobles. Les plus grandes cuvées possèdent ainsi un potentiel d’évolution exceptionnel, sans jamais perdre leur précision ni leur éclat.

Pour **The Wine Watchers**, le Domaine du Comte Liger-Belair incarne l’une des expressions les plus raffinées et les plus émouvantes de la Bourgogne contemporaine. Rare, aristocratique et profondément fidèle à son terroir, chaque bouteille illustre avec éclat la grandeur des meilleurs climats de Vosne-Romanée.","la-romanee-grand-cru-2014-liger-belair"
"La Romanée Grand Cru 2018","Comte Liger-Belair","2018","Côte de Nuits","Bourgogne","L’avis The Wine Watchers :

Nous sélectionnons les vins du **Domaine du Comte Liger-Belair** pour leur distinction, leur précision et leur capacité à traduire avec une rare pureté les grands terroirs de Vosne-Romanée. Chaque cuvée révèle une approche profondément parcellaire, où l’élégance du Pinot Noir s’exprime avec autant de finesse que de profondeur.

Ce qui nous séduit particulièrement est l’équilibre entre concentration et légèreté. Les vins possèdent une matière soyeuse, des tanins d’une extrême finesse et une tension minérale qui leur apporte fraîcheur, énergie et remarquable persistance. Rien n’y paraît forcé : la puissance demeure contenue, au service de l’harmonie et de l’identité du climat.

Nous apprécions également la philosophie de Louis-Michel Liger-Belair, fondée sur un travail rigoureux des sols, des rendements maîtrisés et une vinification peu interventionniste. Cette exigence permet de préserver la délicatesse du fruit, la complexité florale et épicée ainsi que la signature propre de chaque parcelle.

Avec le temps, les arômes de cerise, de framboise, de violette et de rose gagnent en profondeur, laissant apparaître des nuances de sous-bois, de truffe, d’encens et d’épices nobles. Les plus grandes cuvées possèdent ainsi un potentiel d’évolution exceptionnel, sans jamais perdre leur précision ni leur éclat.

Pour **The Wine Watchers**, le Domaine du Comte Liger-Belair incarne l’une des expressions les plus raffinées et les plus émouvantes de la Bourgogne contemporaine. Rare, aristocratique et profondément fidèle à son terroir, chaque bouteille illustre avec éclat la grandeur des meilleurs climats de Vosne-Romanée.","la-romanee-grand-cru-2018-liger-belair"
"La Romanée Grand Cru 2019","Comte Liger-Belair","2019","Côte de Nuits","Bourgogne","L’avis The Wine Watchers :

Nous sélectionnons les vins du **Domaine du Comte Liger-Belair** pour leur distinction, leur précision et leur capacité à traduire avec une rare pureté les grands terroirs de Vosne-Romanée. Chaque cuvée révèle une approche profondément parcellaire, où l’élégance du Pinot Noir s’exprime avec autant de finesse que de profondeur.

Ce qui nous séduit particulièrement est l’équilibre entre concentration et légèreté. Les vins possèdent une matière soyeuse, des tanins d’une extrême finesse et une tension minérale qui leur apporte fraîcheur, énergie et remarquable persistance. Rien n’y paraît forcé : la puissance demeure contenue, au service de l’harmonie et de l’identité du climat.

Nous apprécions également la philosophie de Louis-Michel Liger-Belair, fondée sur un travail rigoureux des sols, des rendements maîtrisés et une vinification peu interventionniste. Cette exigence permet de préserver la délicatesse du fruit, la complexité florale et épicée ainsi que la signature propre de chaque parcelle.

Avec le temps, les arômes de cerise, de framboise, de violette et de rose gagnent en profondeur, laissant apparaître des nuances de sous-bois, de truffe, d’encens et d’épices nobles. Les plus grandes cuvées possèdent ainsi un potentiel d’évolution exceptionnel, sans jamais perdre leur précision ni leur éclat.

Pour **The Wine Watchers**, le Domaine du Comte Liger-Belair incarne l’une des expressions les plus raffinées et les plus émouvantes de la Bourgogne contemporaine. Rare, aristocratique et profondément fidèle à son terroir, chaque bouteille illustre avec éclat la grandeur des meilleurs climats de Vosne-Romanée.","la-romanee-grand-cru-2019-liger-belair"
"Chambertin "" Clos de Bèze""Grand Cru 2018","Domaine Armand Rousseau","2018","Bourgogne","Bourgogne","L'avis The Wine Watchers
Nous sélectionnons ce Chambertin Grand Cru ""Clos de Bèze"" 2018 du Domaine Armand Rousseau pour la noblesse de ses arômes, la précision de son interprétation par le domaine et sa capacité à exprimer avec justesse l'identité de la Bourgogne. Plus qu'un simple symbole de prestige, il représente une rencontre rare entre un terroir d'exception, un savoir-faire exigeant et une expression singulière du Pinot Noir. Chaque millésime révèle une nouvelle lecture du lieu, avec cet équilibre entre profondeur, finesse et émotion qui fait des grands vins de Bourgogne des références intemporelles.","chambertin-clos-de-beze-grand-cru-2018"
"Chambertin "" Clos de Bèze""Grand Cru 2019","Domaine Armand Rousseau","2019","Bourgogne","Bourgogne","L'avis The Wine Watchers
Nous sélectionnons ce Chambertin Grand Cru ""Clos de Bèze"" 2019 du Domaine Armand Rousseau pour la noblesse de ses arômes, la précision de son interprétation par le domaine et sa capacité à exprimer avec justesse l'identité de la Bourgogne. Plus qu'un simple symbole de prestige, il représente une rencontre rare entre un terroir d'exception, un savoir-faire exigeant et une expression singulière du Pinot Noir. Chaque millésime révèle une nouvelle lecture du lieu, avec cet équilibre entre profondeur, finesse et émotion qui fait des grands vins de Bourgogne des références intemporelles.","chambertin-clos-de-beze-grand-cru-2019"
"Chambertin "" Clos de Bèze""Grand Cru 2020","Domaine Armand Rousseau","2020","Bourgogne","Bourgogne","L'avis The Wine Watchers
Nous sélectionnons ce Chambertin Grand Cru ""Clos de Bèze"" 2020 du Domaine Armand Rousseau pour la noblesse de ses arômes, la précision de son interprétation par le domaine et sa capacité à exprimer avec justesse l'identité de la Bourgogne. Plus qu'un simple symbole de prestige, il représente une rencontre rare entre un terroir d'exception, un savoir-faire exigeant et une expression singulière du Pinot Noir. Chaque millésime révèle une nouvelle lecture du lieu, avec cet équilibre entre profondeur, finesse et émotion qui fait des grands vins de Bourgogne des références intemporelles.","chambertin-clos-de-beze-2020-rousseau"
"Chambertin "" Clos de Bèze""Grand Cru 2022","Domaine Armand Rousseau","2022","Bourgogne","Bourgogne","L'avis The Wine Watchers
Nous sélectionnons ce Chambertin Grand Cru ""Clos de Bèze"" 2022 du Domaine Armand Rousseau pour la noblesse de ses arômes, la précision de son interprétation par le domaine et sa capacité à exprimer avec justesse l'identité de la Bourgogne. Plus qu'un simple symbole de prestige, il représente une rencontre rare entre un terroir d'exception, un savoir-faire exigeant et une expression singulière du Pinot Noir. Chaque millésime révèle une nouvelle lecture du lieu, avec cet équilibre entre profondeur, finesse et émotion qui fait des grands vins de Bourgogne des références intemporelles.","chambertin-clos-de-beze-grand-cru-2022-rousseau"
"Chambertin Grand Cru 2017","Domaine Armand Rousseau","2017","Bourgogne","Bourgogne","L'avis The Wine Watchers :
Nous sélectionnons ce Chambertin Grand Cru 2017 du Domaine Armand Rousseau pour la noblesse de ses arômes, la précision de son interprétation par le domaine et sa capacité à exprimer avec justesse l'identité de la Bourgogne. Plus qu'un simple symbole de prestige, il représente une rencontre rare entre un terroir d'exception, un savoir-faire exigeant et une expression singulière du Pinot Noir. Chaque millésime révèle une nouvelle lecture du lieu, avec cet équilibre entre profondeur, finesse et émotion qui fait des grands vins de Bourgogne des références intemporelles.","chambertin-grand-cru-2017-rousseau"
"Chambertin Grand Cru 2018","Domaine Armand Rousseau","2018","Bourgogne","Bourgogne","L'avis The Wine Watchers
Nous sélectionnons ce Chambertin Grand Cru 2018 du Domaine Armand Rousseau pour la noblesse de ses arômes, la précision de son interprétation par le domaine et sa capacité à exprimer avec justesse l'identité de la Bourgogne. Plus qu'un simple symbole de prestige, il représente une rencontre rare entre un terroir d'exception, un savoir-faire exigeant et une expression singulière du Pinot Noir. Chaque millésime révèle une nouvelle lecture du lieu, avec cet équilibre entre profondeur, finesse et émotion qui fait des grands vins de Bourgogne des références intemporelles.","chambertin-grand-cru-2018"
"Chambertin Grand Cru 2019","Domaine Armand Rousseau","2019","Bourgogne","Bourgogne","L'avis The Wine Watchers
Nous sélectionnons ce Chambertin Grand Cru 2019 du Domaine Armand Rousseau pour la noblesse de ses arômes, la précision de son interprétation par le domaine et sa capacité à exprimer avec justesse l'identité de la Bourgogne. Plus qu'un simple symbole de prestige, il représente une rencontre rare entre un terroir d'exception, un savoir-faire exigeant et une expression singulière du Pinot Noir. Chaque millésime révèle une nouvelle lecture du lieu, avec cet équilibre entre profondeur, finesse et émotion qui fait des grands vins de Bourgogne des références intemporelles.","chambertin-grand-cru-2019-domaine-rousseau"
"Chambertin Grand Cru 2020","Domaine Armand Rousseau","2020","Bourgogne","Bourgogne","L'avis The Wine Watchers
Nous sélectionnons ce Chambertin Grand Cru 2020 du Domaine Armand Rousseau pour la noblesse de ses arômes, la précision de son interprétation par le domaine et sa capacité à exprimer avec justesse l'identité de la Bourgogne. Plus qu'un simple symbole de prestige, il représente une rencontre rare entre un terroir d'exception, un savoir-faire exigeant et une expression singulière du Pinot Noir. Chaque millésime révèle une nouvelle lecture du lieu, avec cet équilibre entre profondeur, finesse et émotion qui fait des grands vins de Bourgogne des références intemporelles.","chambertin-grand-cru-2020"
"Charmes-Chambertin Grand Cru 2012","Domaine Armand Rousseau","2012","Bourgogne","Bourgogne","L'avis The Wine Watchers
Nous sélectionnons ce Charmes-Chambertin Grand Cru 2012 du Domaine Armand Rousseau pour la noblesse de son climat, la précision de son interprétation par le domaine et sa capacité à exprimer avec justesse l'identité de la Bourgogne. Plus qu'un simple symbole de prestige, il représente une rencontre rare entre un terroir d'exception, un savoir-faire exigeant et une expression singulière du Pinot Noir. Chaque millésime révèle une nouvelle lecture du lieu, avec cet équilibre entre profondeur, finesse et émotion qui fait des grands vins de Bourgogne des références intemporelles.","charmes-chambertin-grand-cru-2012-rousseau"
"Charmes-Chambertin Grand Cru 2016","Domaine Armand Rousseau","2016","Bourgogne","Bourgogne","L'avis The Wine Watchers
Nous sélectionnons ce Charmes-Chambertin Grand Cru 2016 du Domaine Armand Rousseau pour la noblesse de son climat, la précision de son interprétation par le domaine et sa capacité à exprimer avec justesse l'identité de la Bourgogne. Plus qu'un simple symbole de prestige, il représente une rencontre rare entre un terroir d'exception, un savoir-faire exigeant et une expression singulière du Pinot Noir. Chaque millésime révèle une nouvelle lecture du lieu, avec cet équilibre entre profondeur, finesse et émotion qui fait des grands vins de Bourgogne des références intemporelles.","charmes-chambertin-grand-cru-2016-rousseau"
"Charmes-Chambertin Grand Cru 2020","Domaine Armand Rousseau","2020","Bourgogne","Bourgogne","L'avis The Wine Watchers
Nous sélectionnons ce Charmes-Chambertin Grand Cru 2020 du Domaine Armand Rousseau pour la noblesse de son climat, la précision de son interprétation par le domaine et sa capacité à exprimer avec justesse l'identité de la Bourgogne. Plus qu'un simple symbole de prestige, il représente une rencontre rare entre un terroir d'exception, un savoir-faire exigeant et une expression singulière du Pinot Noir. Chaque millésime révèle une nouvelle lecture du lieu, avec cet équilibre entre profondeur, finesse et émotion qui fait des grands vins de Bourgogne des références intemporelles.","charmes-chambertin-2020-rousseau"
"Clos de La Roche Grand Cru 2013","Domaine Armand Rousseau","2013","Bourgogne","Bourgogne","L'avis The Wine Watchers
Nous sélectionnons ce Clos de la Roche 2013 du Domaine Armand Rousseau pour la noblesse de ses arômes, la précision de son interprétation par le domaine et sa capacité à exprimer avec justesse l'identité de la Bourgogne. Plus qu'un simple symbole de prestige, il représente une rencontre rare entre un terroir d'exception, un savoir-faire exigeant et une expression singulière du Pinot Noir. Chaque millésime révèle une nouvelle lecture du lieu, avec cet équilibre entre profondeur, finesse et émotion qui fait des grands vins de Bourgogne des références intemporelles.","clos-de-la-roche-grand-cru-2013-rousseau"
"Clos de La Roche Grand Cru 2014","Domaine Armand Rousseau","2014","Bourgogne","Bourgogne","L'avis The Wine Watchers
Nous sélectionnons ce Clos de la Roche 2014 du Domaine Armand Rousseau pour la noblesse de ses arômes, la précision de son interprétation par le domaine et sa capacité à exprimer avec justesse l'identité de la Bourgogne. Plus qu'un simple symbole de prestige, il représente une rencontre rare entre un terroir d'exception, un savoir-faire exigeant et une expression singulière du Pinot Noir. Chaque millésime révèle une nouvelle lecture du lieu, avec cet équilibre entre profondeur, finesse et émotion qui fait des grands vins de Bourgogne des références intemporelles.","clos-de-la-roche-grand-cru-2014"
"Clos de La Roche Grand Cru 2017","Domaine Armand Rousseau","2017","Bourgogne","Bourgogne","L'avis The Wine Watchers
Nous sélectionnons ce Clos de la Roche 2017 du Domaine Armand Rousseau pour la noblesse de ses arômes, la précision de son interprétation par le domaine et sa capacité à exprimer avec justesse l'identité de la Bourgogne. Plus qu'un simple symbole de prestige, il représente une rencontre rare entre un terroir d'exception, un savoir-faire exigeant et une expression singulière du Pinot Noir. Chaque millésime révèle une nouvelle lecture du lieu, avec cet équilibre entre profondeur, finesse et émotion qui fait des grands vins de Bourgogne des références intemporelles.","clos-de-la-roche-grand-cru-2017-rousseau"
"Clos de La Roche Grand Cru 2019","Domaine Armand Rousseau","2019","Bourgogne","Bourgogne","L'avis The Wine Watchers
Nous sélectionnons ce Clos de la Roche 2019 du Domaine Armand Rousseau pour la noblesse de ses arômes, la précision de son interprétation par le domaine et sa capacité à exprimer avec justesse l'identité de la Bourgogne. Plus qu'un simple symbole de prestige, il représente une rencontre rare entre un terroir d'exception, un savoir-faire exigeant et une expression singulière du Pinot Noir. Chaque millésime révèle une nouvelle lecture du lieu, avec cet équilibre entre profondeur, finesse et émotion qui fait des grands vins de Bourgogne des références intemporelles.","clos-de-la-roche-grand-cru-2019-rousseau"
"Clos de La Roche Grand Cru 2019","Domaine Armand Rousseau","2019","Bourgogne","Bourgogne","L'avis The Wine Watchers
Nous sélectionnons ce Clos de la Roche 2019 du Domaine Armand Rousseau pour la noblesse de ses arômes, la précision de son interprétation par le domaine et sa capacité à exprimer avec justesse l'identité de la Bourgogne. Plus qu'un simple symbole de prestige, il représente une rencontre rare entre un terroir d'exception, un savoir-faire exigeant et une expression singulière du Pinot Noir. Chaque millésime révèle une nouvelle lecture du lieu, avec cet équilibre entre profondeur, finesse et émotion qui fait des grands vins de Bourgogne des références intemporelles.","clos-de-la-roche-2019-rousseau"
"Gevrey-Chambertin""Clos St-Jacques"" 1er Cru 2016","Domaine Armand Rousseau","2016","Bourgogne","Bourgogne","L'avis The Wine Watchers
Nous sélectionnons ce Gevrey-Chambertin 1er Cru ""Clos St-Jacques"" 2016 du Domaine Armand Rousseau pour la noblesse de ses arômes, la précision de son interprétation par le domaine et sa capacité à exprimer avec justesse l'identité de la Bourgogne. Plus qu'un simple symbole de prestige, il représente une rencontre rare entre un terroir d'exception, un savoir-faire exigeant et une expression singulière du Pinot Noir. Chaque millésime révèle une nouvelle lecture du lieu, avec cet équilibre entre profondeur, finesse et émotion qui fait des grands vins de Bourgogne des références intemporelles.","gevrey-chambertin-clos-st-jacques-1er-cru-2016"
"Gevrey-Chambertin""Clos St-Jacques"" 1er Cru 2018","Domaine Armand Rousseau","2018","Bourgogne","Bourgogne","L'avis The Wine Watchers
Nous sélectionnons ce Gevrey-Chambertin 1er Cru ""Clos St-Jacques"" 2018 du Domaine Armand Rousseau pour la noblesse de ses arômes, la précision de son interprétation par le domaine et sa capacité à exprimer avec justesse l'identité de la Bourgogne. Plus qu'un simple symbole de prestige, il représente une rencontre rare entre un terroir d'exception, un savoir-faire exigeant et une expression singulière du Pinot Noir. Chaque millésime révèle une nouvelle lecture du lieu, avec cet équilibre entre profondeur, finesse et émotion qui fait des grands vins de Bourgogne des références intemporelles.","gevrey-chambertin-clos-st-jacques-1er-cru-2018"
"Gevrey-Chambertin""Clos St-Jacques"" 1er Cru 2020","Domaine Armand Rousseau","2020","Bourgogne","Bourgogne","L'avis The Wine Watchers
Nous sélectionnons ce Gevrey-Chambertin 1er Cru ""Clos St-Jacques"" 2020 du Domaine Armand Rousseau pour la noblesse de ses arômes, la précision de son interprétation par le domaine et sa capacité à exprimer avec justesse l'identité de la Bourgogne. Plus qu'un simple symbole de prestige, il représente une rencontre rare entre un terroir d'exception, un savoir-faire exigeant et une expression singulière du Pinot Noir. Chaque millésime révèle une nouvelle lecture du lieu, avec cet équilibre entre profondeur, finesse et émotion qui fait des grands vins de Bourgogne des références intemporelles.","gevrey-chambertin-clos-st-jacques-2020-rousseau"
"Gevrey-Chambertin""les Cazetiers"" 1er Cru 2020","Domaine Armand Rousseau","2020","Bourgogne","Bourgogne","L'avis The Wine Watchers :
Nous sélectionnons ce Gevrey-Chambertin 1er Cru ""Les Cazetiers"" 2020 du Domaine Armand Rousseau pour la noblesse de ses arômes, la précision de son interprétation par le domaine et sa capacité à exprimer avec justesse l'identité de la Bourgogne. Plus qu'un simple symbole de prestige, il représente une rencontre rare entre un terroir d'exception, un savoir-faire exigeant et une expression singulière du Pinot Noir. Chaque millésime révèle une nouvelle lecture du lieu, avec cet équilibre entre profondeur, finesse et émotion qui fait des grands vins de Bourgogne des références intemporelles.","gevrey-chambertin-les-cazetiers-2020-rousseau"
"Ruchottes Chambertin 2020","Domaine Armand Rousseau","2020","Bourgogne","Bourgogne","L'avis The Wine Watchers
Nous sélectionnons ce Ruchottes-Chambertin Grand Cru 2020 du Domaine Armand Rousseau pour la noblesse de ses arômes, la précision de son interprétation par le domaine et sa capacité à exprimer avec justesse l'identité de la Bourgogne. Plus qu'un simple symbole de prestige, il représente une rencontre rare entre un terroir d'exception, un savoir-faire exigeant et une expression singulière du Pinot Noir. Chaque millésime révèle une nouvelle lecture du lieu, avec cet équilibre entre profondeur, finesse et émotion qui fait des grands vins de Bourgogne des références intemporelles.","ruchottes-chambertin-2020-rousseau"
"Corton Grand Cru 2017 DRC","Domaine de la Romanée-Conti","2017","Bourgogne","Bourgogne","L'avis The Wine Watchers
Nous sélectionnons ce Corton Grand Cru 2017 du Domaine de la Romanée-Conti pour la noblesse de ses arômes, la précision de son interprétation par le domaine et sa capacité à exprimer avec justesse l'identité de la Bourgogne. Plus qu'un simple symbole de prestige, il représente une rencontre rare entre un terroir d'exception, un savoir-faire exigeant et une expression singulière du Pinot Noir. Chaque millésime révèle une nouvelle lecture du lieu, avec cet équilibre entre profondeur, finesse et émotion qui fait des grands vins de Bourgogne des références intemporelles.","corton-grand-cru-2017"
"Corton Grand Cru 2019 DRC","Domaine de la Romanée-Conti","2019","Bourgogne","Bourgogne","L'avis The Wine Watchers
Nous sélectionnons ce Corton Grand Cru 2019 du Domaine de la Romanée-Conti pour la noblesse de ses arômes, la précision de son interprétation par le domaine et sa capacité à exprimer avec justesse l'identité de la Bourgogne. Plus qu'un simple symbole de prestige, il représente une rencontre rare entre un terroir d'exception, un savoir-faire exigeant et une expression singulière du Pinot Noir. Chaque millésime révèle une nouvelle lecture du lieu, avec cet équilibre entre profondeur, finesse et émotion qui fait des grands vins de Bourgogne des références intemporelles.","corton-grand-cru-2019"
"Corton Grand Cru 2020 DRC","Domaine de la Romanée-Conti","2020","Bourgogne","Bourgogne","L'avis The Wine Watchers
Nous sélectionnons ce Corton Grand Cru 2020 du Domaine de la Romanée-Conti pour la noblesse de ses arômes, la précision de son interprétation par le domaine et sa capacité à exprimer avec justesse l'identité de la Bourgogne. Plus qu'un simple symbole de prestige, il représente une rencontre rare entre un terroir d'exception, un savoir-faire exigeant et une expression singulière du Pinot Noir. Chaque millésime révèle une nouvelle lecture du lieu, avec cet équilibre entre profondeur, finesse et émotion qui fait des grands vins de Bourgogne des références intemporelles.","corton-drc-2020"
"Corton-Charlemagne Grand Cru 2019 DRC","Domaine de la Romanée-Conti","2019","Bourgogne","Bourgogne","L'avis The Wine Watchers
Nous sélectionnons ce Corton-Chardonnay Grand Cru 2019 du Domaine de la Romanée-Conti pour la noblesse de ses arômes, la précision de son interprétation par le domaine et sa capacité à exprimer avec justesse l'identité de la Bourgogne. Plus qu'un simple symbole de prestige, il représente une rencontre rare entre un terroir d'exception, un savoir-faire exigeant et une expression singulière du Chardonnay . Chaque millésime révèle une nouvelle lecture du lieu, avec cet équilibre entre profondeur, finesse et émotion qui fait des grands vins de Bourgogne des références intemporelles.","corton-charlemagne-grand-cru-2019-drc-2"
"Corton-Charlemagne Grand Cru 2019 DRC","Domaine de la Romanée-Conti","2019","Bourgogne","Bourgogne","L'avis The Wine Watchers
Nous sélectionnons ce Corton-Chardonnay Grand Cru 2019 du Domaine de la Romanée-Conti pour la noblesse de ses arômes, la précision de son interprétation par le domaine et sa capacité à exprimer avec justesse l'identité de la Bourgogne. Plus qu'un simple symbole de prestige, il représente une rencontre rare entre un terroir d'exception, un savoir-faire exigeant et une expression singulière du Chardonnay . Chaque millésime révèle une nouvelle lecture du lieu, avec cet équilibre entre profondeur, finesse et émotion qui fait des grands vins de Bourgogne des références intemporelles.","corton-charlemagne-grand-cru-2019-drc"
"Corton-Charlemagne Grand Cru 2022 DRC","Domaine de la Romanée-Conti","2022","Bourgogne","Bourgogne","L'avis The Wine Watchers
Nous sélectionnons ce Corton-Chardonnay Grand Cru 2022 du Domaine de la Romanée-Conti pour la noblesse de ses arômes, la précision de son interprétation par le domaine et sa capacité à exprimer avec justesse l'identité de la Bourgogne. Plus qu'un simple symbole de prestige, il représente une rencontre rare entre un terroir d'exception, un savoir-faire exigeant et une expression singulière du Chardonnay . Chaque millésime révèle une nouvelle lecture du lieu, avec cet équilibre entre profondeur, finesse et émotion qui fait des grands vins de Bourgogne des références intemporelles.","corton-charlemagne-grand-cru-2022-drc"
"Echezeaux Grand Cru 2013 DRC","Domaine de la Romanée-Conti","2013","Bourgogne","Bourgogne","L'avis The Wine Watchers
Nous sélectionnons cet Echezeaux Grand Cru 2013 du Domaine de la Romanée-Conti pour la noblesse de ses arômes, la précision de son interprétation par le domaine et sa capacité à exprimer avec justesse l'identité de la Bourgogne. Plus qu'un simple symbole de prestige, il représente une rencontre rare entre un terroir d'exception, un savoir-faire exigeant et une expression singulière du Pinot Noir. Chaque millésime révèle une nouvelle lecture du lieu, avec cet équilibre entre profondeur, finesse et émotion qui fait des grands vins de Bourgogne des références intemporelles.","echezeaux-grand-cru-2013-drc-2013-2"
"Echezeaux Grand Cru 2015 DRC","Domaine de la Romanée-Conti","2015","Bourgogne","Bourgogne","L'avis The Wine Watchers
Nous sélectionnons cet Echezeaux Grand Cru 2015 du Domaine de la Romanée-Conti pour la noblesse de ses arômes, la précision de son interprétation par le domaine et sa capacité à exprimer avec justesse l'identité de la Bourgogne. Plus qu'un simple symbole de prestige, il représente une rencontre rare entre un terroir d'exception, un savoir-faire exigeant et une expression singulière du Pinot Noir. Chaque millésime révèle une nouvelle lecture du lieu, avec cet équilibre entre profondeur, finesse et émotion qui fait des grands vins de Bourgogne des références intemporelles.","echezeaux-grand-cru-2015"
"Echezeaux Grand Cru 2017 DRC","Domaine de la Romanée-Conti","2017","Bourgogne","Bourgogne","L'avis The Wine Watchers
Nous sélectionnons cet Echezeaux Grand Cru 2017 du Domaine de la Romanée-Conti pour la noblesse de ses arômes, la précision de son interprétation par le domaine et sa capacité à exprimer avec justesse l'identité de la Bourgogne. Plus qu'un simple symbole de prestige, il représente une rencontre rare entre un terroir d'exception, un savoir-faire exigeant et une expression singulière du Pinot Noir. Chaque millésime révèle une nouvelle lecture du lieu, avec cet équilibre entre profondeur, finesse et émotion qui fait des grands vins de Bourgogne des références intemporelles.","echezeaux-grand-cru-2017"
"Echezeaux Grand Cru 2020 DRC","Domaine de la Romanée-Conti","2020","Bourgogne","Bourgogne","L'avis The Wine Watchers
Nous sélectionnons cet Echezeaux Grand Cru 2020 du Domaine de la Romanée-Conti pour la noblesse de ses arômes, la précision de son interprétation par le domaine et sa capacité à exprimer avec justesse l'identité de la Bourgogne. Plus qu'un simple symbole de prestige, il représente une rencontre rare entre un terroir d'exception, un savoir-faire exigeant et une expression singulière du Pinot Noir. Chaque millésime révèle une nouvelle lecture du lieu, avec cet équilibre entre profondeur, finesse et émotion qui fait des grands vins de Bourgogne des références intemporelles.","echezeaux-grand-cru-2020"
"Echezeaux Grand Cru 2021 DRC","Domaine de la Romanée-Conti","2021","Bourgogne","Bourgogne","L'avis The Wine Watchers
Nous sélectionnons cet Echezeaux Grand Cru 2021 du Domaine de la Romanée-Conti pour la noblesse de ses arômes, la précision de son interprétation par le domaine et sa capacité à exprimer avec justesse l'identité de la Bourgogne. Plus qu'un simple symbole de prestige, il représente une rencontre rare entre un terroir d'exception, un savoir-faire exigeant et une expression singulière du Pinot Noir. Chaque millésime révèle une nouvelle lecture du lieu, avec cet équilibre entre profondeur, finesse et émotion qui fait des grands vins de Bourgogne des références intemporelles.","echezeaux-2021"
"Grands Echezeaux Grand Cru 2017 DRC","Domaine de la Romanée-Conti","2017","Bourgogne","Bourgogne","L'avis The Wine Watchers
Nous sélectionnons ce Grands Echezeaux Grand Cru 2017 du Domaine de la Romanée-Conti pour la noblesse de ses arômes, la précision de son interprétation par le domaine et sa capacité à exprimer avec justesse l'identité de la Bourgogne. Plus qu'un simple symbole de prestige, il représente une rencontre rare entre un terroir d'exception, un savoir-faire exigeant et une expression singulière du Pinot Noir. Chaque millésime révèle une nouvelle lecture du lieu, avec cet équilibre entre profondeur, finesse et émotion qui fait des grands vins de Bourgogne des références intemporelles.","grands-echezeaux-grand-cru-2017"
"Grands Echezeaux Grand Cru 2018 DRC","Domaine de la Romanée-Conti","2018","Bourgogne","Bourgogne","L'avis The Wine Watchers
Nous sélectionnons ce Grands Echezeaux Grand Cru 2018 du Domaine de la Romanée-Conti pour la noblesse de ses arômes, la précision de son interprétation par le domaine et sa capacité à exprimer avec justesse l'identité de la Bourgogne. Plus qu'un simple symbole de prestige, il représente une rencontre rare entre un terroir d'exception, un savoir-faire exigeant et une expression singulière du Pinot Noir. Chaque millésime révèle une nouvelle lecture du lieu, avec cet équilibre entre profondeur, finesse et émotion qui fait des grands vins de Bourgogne des références intemporelles.","grands-echezeaux-grand-cru-2018"
"Grands Echezeaux Grand Cru 2020 DRC","Domaine de la Romanée-Conti","2020","Bourgogne","Bourgogne","L'avis The Wine Watchers
Nous sélectionnons ce Grands Echezeaux Grand Cru 2020 du Domaine de la Romanée-Conti pour la noblesse de ses arômes, la précision de son interprétation par le domaine et sa capacité à exprimer avec justesse l'identité de la Bourgogne. Plus qu'un simple symbole de prestige, il représente une rencontre rare entre un terroir d'exception, un savoir-faire exigeant et une expression singulière du Pinot Noir. Chaque millésime révèle une nouvelle lecture du lieu, avec cet équilibre entre profondeur, finesse et émotion qui fait des grands vins de Bourgogne des références intemporelles.","grands-echezeaux-grand-cru-2020"
"Grands Echezeaux Grand Cru 2022 DRC","Domaine de la Romanée-Conti","2022","Bourgogne","Bourgogne","L'avis The Wine Watchers
Nous sélectionnons ce Grands Echezeaux Grand Cru 2022 du Domaine de la Romanée-Conti pour la noblesse de ses arômes, la précision de son interprétation par le domaine et sa capacité à exprimer avec justesse l'identité de la Bourgogne. Plus qu'un simple symbole de prestige, il représente une rencontre rare entre un terroir d'exception, un savoir-faire exigeant et une expression singulière du Pinot Noir. Chaque millésime révèle une nouvelle lecture du lieu, avec cet équilibre entre profondeur, finesse et émotion qui fait des grands vins de Bourgogne des références intemporelles.","grands-echezeaux-2022"
"La Tâche Grand Cru 2015","Domaine de la Romanée-Conti","2015","Côte de Nuits","Bourgogne","L'avis The Wine Watchers
Nous sélectionnons ce La Tâche Grand Cru 2015 du Domaine de la Romanée-Conti pour la noblesse de ses arômes, la précision de son interprétation par le domaine et sa capacité à exprimer avec justesse l'identité de la Bourgogne. Plus qu'un simple symbole de prestige, il représente une rencontre rare entre un terroir d'exception, un savoir-faire exigeant et une expression singulière du Pinot Noir. Chaque millésime révèle une nouvelle lecture du lieu, avec cet équilibre entre profondeur, finesse et émotion qui fait des grands vins de Bourgogne des références intemporelles.","la-tache-grand-cru-2015"
"La Tâche Grand Cru 2016","Domaine de la Romanée-Conti","2016","Côte de Nuits","Bourgogne","L'avis The Wine Watchers
Nous sélectionnons ce La Tâche Grand Cru 2016 du Domaine de la Romanée-Conti pour la noblesse de ses arômes, la précision de son interprétation par le domaine et sa capacité à exprimer avec justesse l'identité de la Bourgogne. Plus qu'un simple symbole de prestige, il représente une rencontre rare entre un terroir d'exception, un savoir-faire exigeant et une expression singulière du Pinot Noir. Chaque millésime révèle une nouvelle lecture du lieu, avec cet équilibre entre profondeur, finesse et émotion qui fait des grands vins de Bourgogne des références intemporelles.","la-tache-grand-cru-2016-drc"
"La Tâche Grand Cru 2017","Domaine de la Romanée-Conti","2017","Côte de Nuits","Bourgogne","L'avis The Wine Watchers
Nous sélectionnons ce La Tâche Grand Cru 2017 du Domaine de la Romanée-Conti pour la noblesse de ses arômes, la précision de son interprétation par le domaine et sa capacité à exprimer avec justesse l'identité de la Bourgogne. Plus qu'un simple symbole de prestige, il représente une rencontre rare entre un terroir d'exception, un savoir-faire exigeant et une expression singulière du Pinot Noir. Chaque millésime révèle une nouvelle lecture du lieu, avec cet équilibre entre profondeur, finesse et émotion qui fait des grands vins de Bourgogne des références intemporelles.","la-tache-grand-cru-2017"
"La Tâche Grand Cru 2019","Domaine de la Romanée-Conti","2019","Côte de Nuits","Bourgogne","L'avis The Wine Watchers
Nous sélectionnons ce La Tâche Grand Cru 2019 du Domaine de la Romanée-Conti pour la noblesse de ses arômes, la précision de son interprétation par le domaine et sa capacité à exprimer avec justesse l'identité de la Bourgogne. Plus qu'un simple symbole de prestige, il représente une rencontre rare entre un terroir d'exception, un savoir-faire exigeant et une expression singulière du Pinot Noir. Chaque millésime révèle une nouvelle lecture du lieu, avec cet équilibre entre profondeur, finesse et émotion qui fait des grands vins de Bourgogne des références intemporelles.","la-tache-grand-cru-2019"
"La Tâche Grand Cru 2021","Domaine de la Romanée-Conti","2021","Côte de Nuits","Bourgogne","L'avis The Wine Watchers
Nous sélectionnons ce La Tâche Grand Cru 2021 du Domaine de la Romanée-Conti pour la noblesse de ses arômes, la précision de son interprétation par le domaine et sa capacité à exprimer avec justesse l'identité de la Bourgogne. Plus qu'un simple symbole de prestige, il représente une rencontre rare entre un terroir d'exception, un savoir-faire exigeant et une expression singulière du Pinot Noir. Chaque millésime révèle une nouvelle lecture du lieu, avec cet équilibre entre profondeur, finesse et émotion qui fait des grands vins de Bourgogne des références intemporelles.","la-tache-grand-cru-2021"
"La Tâche Grand Cru 2022","Domaine de la Romanée-Conti","2022","Côte de Nuits","Bourgogne","L'avis The Wine Watchers
Nous sélectionnons ce La Tâche Grand Cru 2022 du Domaine de la Romanée-Conti pour la noblesse de ses arômes, la précision de son interprétation par le domaine et sa capacité à exprimer avec justesse l'identité de la Bourgogne. Plus qu'un simple symbole de prestige, il représente une rencontre rare entre un terroir d'exception, un savoir-faire exigeant et une expression singulière du Pinot Noir. Chaque millésime révèle une nouvelle lecture du lieu, avec cet équilibre entre profondeur, finesse et émotion qui fait des grands vins de Bourgogne des références intemporelles.","la-tache-grand-cru-2022-drc"
"Montrachet Grand Cru 2011 DRC","Domaine de la Romanée-Conti","2011","Bourgogne","Bourgogne","L'avis The Wine Watchers
Nous sélectionnons ce Montrachet Grand Cru 2011 du Domaine de la Romanée-Conti pour la noblesse de ses arômes, la précision de son interprétation par le domaine et sa capacité à exprimer avec justesse l'identité de la Bourgogne. Plus qu'un simple symbole de prestige, il représente une rencontre rare entre un terroir d'exception, un savoir-faire exigeant et une expression singulière du Chardonnay . Chaque millésime révèle une nouvelle lecture du lieu, avec cet équilibre entre profondeur, finesse et émotion qui fait des grands vins de Bourgogne des références intemporelles.","montrachet-2011"
"Montrachet Grand Cru 2017 DRC","Domaine de la Romanée-Conti","2017","Bourgogne","Bourgogne","L'avis The Wine Watchers
Nous sélectionnons ce Montrachet Grand Cru 2017 du Domaine de la Romanée-Conti pour la noblesse de ses arômes, la précision de son interprétation par le domaine et sa capacité à exprimer avec justesse l'identité de la Bourgogne. Plus qu'un simple symbole de prestige, il représente une rencontre rare entre un terroir d'exception, un savoir-faire exigeant et une expression singulière du Chardonnay . Chaque millésime révèle une nouvelle lecture du lieu, avec cet équilibre entre profondeur, finesse et émotion qui fait des grands vins de Bourgogne des références intemporelles.","montrachet-grand-cru-2017-drc"
"Richebourg Grand Cru 2015","Domaine de la Romanée-Conti","2015","Côte de Nuits","Bourgogne","L'avis The Wine Watchers
Nous sélectionnons ce Richebourg Grand Cru 2015 du Domaine de la Romanée-Conti pour la noblesse de ses arômes, la précision de son interprétation par le domaine et sa capacité à exprimer avec justesse l'identité de la Bourgogne. Plus qu'un simple symbole de prestige, il représente une rencontre rare entre un terroir d'exception, un savoir-faire exigeant et une expression singulière du Pinot Noir. Chaque millésime révèle une nouvelle lecture du lieu, avec cet équilibre entre profondeur, finesse et émotion qui fait des grands vins de Bourgogne des références intemporelles.","richebourg-grand-cru-2015"
"Richebourg Grand Cru 2016","Domaine de la Romanée-Conti","2016","Côte de Nuits","Bourgogne","L'avis The Wine Watchers
Nous sélectionnons ce Richebourg Grand Cru 2016 du Domaine de la Romanée-Conti pour la noblesse de ses arômes, la précision de son interprétation par le domaine et sa capacité à exprimer avec justesse l'identité de la Bourgogne. Plus qu'un simple symbole de prestige, il représente une rencontre rare entre un terroir d'exception, un savoir-faire exigeant et une expression singulière du Pinot Noir. Chaque millésime révèle une nouvelle lecture du lieu, avec cet équilibre entre profondeur, finesse et émotion qui fait des grands vins de Bourgogne des références intemporelles.","richebourg-grand-cru-2016"
"Richebourg Grand Cru 2017","Domaine de la Romanée-Conti","2017","Côte de Nuits","Bourgogne","L'avis The Wine Watchers
Nous sélectionnons ce Richebourg Grand Cru 2017 du Domaine de la Romanée-Conti pour la noblesse de ses arômes, la précision de son interprétation par le domaine et sa capacité à exprimer avec justesse l'identité de la Bourgogne. Plus qu'un simple symbole de prestige, il représente une rencontre rare entre un terroir d'exception, un savoir-faire exigeant et une expression singulière du Pinot Noir. Chaque millésime révèle une nouvelle lecture du lieu, avec cet équilibre entre profondeur, finesse et émotion qui fait des grands vins de Bourgogne des références intemporelles.","richebourg-grand-cru-drc-2017"
"Richebourg Grand Cru 2018","Domaine de la Romanée-Conti","2018","Côte de Nuits","Bourgogne","L'avis The Wine Watchers
Nous sélectionnons ce Richebourg Grand Cru 2018 du Domaine de la Romanée-Conti pour la noblesse de ses arômes, la précision de son interprétation par le domaine et sa capacité à exprimer avec justesse l'identité de la Bourgogne. Plus qu'un simple symbole de prestige, il représente une rencontre rare entre un terroir d'exception, un savoir-faire exigeant et une expression singulière du Pinot Noir. Chaque millésime révèle une nouvelle lecture du lieu, avec cet équilibre entre profondeur, finesse et émotion qui fait des grands vins de Bourgogne des références intemporelles.","domaine-romanee-conti-richebourg-2018"
"Richebourg Grand Cru 2020","Domaine de la Romanée-Conti","2020","Côte de Nuits","Bourgogne","L'avis The Wine Watchers
Nous sélectionnons ce Richebourg Grand Cru 2020 du Domaine de la Romanée-Conti pour la noblesse de ses arômes, la précision de son interprétation par le domaine et sa capacité à exprimer avec justesse l'identité de la Bourgogne. Plus qu'un simple symbole de prestige, il représente une rencontre rare entre un terroir d'exception, un savoir-faire exigeant et une expression singulière du Pinot Noir. Chaque millésime révèle une nouvelle lecture du lieu, avec cet équilibre entre profondeur, finesse et émotion qui fait des grands vins de Bourgogne des références intemporelles.","richebourg-2020"
"Romanée St-Vivant Grand Cru 2013","Domaine de la Romanée-Conti","2013","Côte de Nuits","Bourgogne","L'avis The Wine Watchers
Nous sélectionnons ce Romanée-St-Vivant Grand Cru 2013 du Domaine de la Romanée-Conti pour la noblesse de ses arômes, la précision de son interprétation par le domaine et sa capacité à exprimer avec justesse l'identité de la Bourgogne. Plus qu'un simple symbole de prestige, il représente une rencontre rare entre un terroir d'exception, un savoir-faire exigeant et une expression singulière du Pinot Noir. Chaque millésime révèle une nouvelle lecture du lieu, avec cet équilibre entre profondeur, finesse et émotion qui fait des grands vins de Bourgogne des références intemporelles.","romanee-st-vivant-grand-cru-2013"
"Romanée St-Vivant Grand Cru 2014","Domaine de la Romanée-Conti","2014","Côte de Nuits","Bourgogne","L'avis The Wine Watchers
Nous sélectionnons ce Romanée-St-Vivant Grand Cru 2014 du Domaine de la Romanée-Conti pour la noblesse de ses arômes, la précision de son interprétation par le domaine et sa capacité à exprimer avec justesse l'identité de la Bourgogne. Plus qu'un simple symbole de prestige, il représente une rencontre rare entre un terroir d'exception, un savoir-faire exigeant et une expression singulière du Pinot Noir. Chaque millésime révèle une nouvelle lecture du lieu, avec cet équilibre entre profondeur, finesse et émotion qui fait des grands vins de Bourgogne des références intemporelles.","romanee-st-vivant-grand-cru-2014"
"Romanée St-Vivant Grand Cru 2016","Domaine de la Romanée-Conti","2016","Côte de Nuits","Bourgogne","L'avis The Wine Watchers
Nous sélectionnons ce Romanée-St-Vivant Grand Cru 2016 du Domaine de la Romanée-Conti pour la noblesse de ses arômes, la précision de son interprétation par le domaine et sa capacité à exprimer avec justesse l'identité de la Bourgogne. Plus qu'un simple symbole de prestige, il représente une rencontre rare entre un terroir d'exception, un savoir-faire exigeant et une expression singulière du Pinot Noir. Chaque millésime révèle une nouvelle lecture du lieu, avec cet équilibre entre profondeur, finesse et émotion qui fait des grands vins de Bourgogne des références intemporelles.","romanee-st-vivant-grand-cru-2016"
"Romanée St-Vivant Grand Cru 2022","Domaine de la Romanée-Conti","2022","Côte de Nuits","Bourgogne","L'avis The Wine Watchers
Nous sélectionnons ce Romanée-St-Vivant Grand Cru 2022 du Domaine de la Romanée-Conti pour la noblesse de ses arômes, la précision de son interprétation par le domaine et sa capacité à exprimer avec justesse l'identité de la Bourgogne. Plus qu'un simple symbole de prestige, il représente une rencontre rare entre un terroir d'exception, un savoir-faire exigeant et une expression singulière du Pinot Noir. Chaque millésime révèle une nouvelle lecture du lieu, avec cet équilibre entre profondeur, finesse et émotion qui fait des grands vins de Bourgogne des références intemporelles.","romanee-st-vivant-2022-drc"
"Romanée-Conti Grand Cru 2012","Domaine de la Romanée-Conti","2012","Côte de Nuits","Bourgogne","L'avis The Wine Watchers
Nous sélectionnons ce Romanée-Conti Grand Cru 2012 de DRC pour la noblesse de ses arômes, la précision de son interprétation par le domaine et sa capacité à exprimer avec justesse l'identité de la Bourgogne. Plus qu'un simple symbole de prestige, il représente une rencontre rare entre un terroir d'exception, un savoir-faire exigeant et une expression singulière du Pinot Noir. Chaque millésime révèle une nouvelle lecture du lieu, avec cet équilibre entre profondeur, finesse et émotion qui fait des grands vins de Bourgogne des références intemporelles.","romanee-conti-grand-cru-2012"
"Romanée-Conti Grand Cru 2019","Domaine de la Romanée-Conti","2019","Côte de Nuits","Bourgogne","L'avis The Wine Watchers
Nous sélectionnons ce Romanée-Conti Grand Cru 2019 de DRC pour la noblesse de ses arômes, la précision de son interprétation par le domaine et sa capacité à exprimer avec justesse l'identité de la Bourgogne. Plus qu'un simple symbole de prestige, il représente une rencontre rare entre un terroir d'exception, un savoir-faire exigeant et une expression singulière du Pinot Noir. Chaque millésime révèle une nouvelle lecture du lieu, avec cet équilibre entre profondeur, finesse et émotion qui fait des grands vins de Bourgogne des références intemporelles.","romanee-conti-grand-cru-2019"
"Romanée-Conti Grand Cru 2020","Domaine de la Romanée-Conti","2020","Côte de Nuits","Bourgogne","L'avis The Wine Watchers
Nous sélectionnons ce Romanée-Conti Grand Cru 2020 de DRC pour la noblesse de ses arômes, la précision de son interprétation par le domaine et sa capacité à exprimer avec justesse l'identité de la Bourgogne. Plus qu'un simple symbole de prestige, il représente une rencontre rare entre un terroir d'exception, un savoir-faire exigeant et une expression singulière du Pinot Noir. Chaque millésime révèle une nouvelle lecture du lieu, avec cet équilibre entre profondeur, finesse et émotion qui fait des grands vins de Bourgogne des références intemporelles.","romanee-conti-grand-cru-2020"
"Romanée-Conti Grand Cru 2022","Domaine de la Romanée-Conti","2022","Côte de Nuits","Bourgogne","L'avis The Wine Watchers
Nous sélectionnons ce Romanée-Conti Grand Cru 2022 de DRC pour la noblesse de ses arômes, la précision de son interprétation par le domaine et sa capacité à exprimer avec justesse l'identité de la Bourgogne. Plus qu'un simple symbole de prestige, il représente une rencontre rare entre un terroir d'exception, un savoir-faire exigeant et une expression singulière du Pinot Noir. Chaque millésime révèle une nouvelle lecture du lieu, avec cet équilibre entre profondeur, finesse et émotion qui fait des grands vins de Bourgogne des références intemporelles.","romanee-conti-grand-cru-2022"
"Romanée-Conti Grand Cru 2023","Domaine de la Romanée-Conti","2023","Côte de Nuits","Bourgogne","L'avis The Wine Watchers
Nous sélectionnons ce Romanée-Conti Grand Cru 2023 de DRC pour la noblesse de ses arômes, la précision de son interprétation par le domaine et sa capacité à exprimer avec justesse l'identité de la Bourgogne. Plus qu'un simple symbole de prestige, il représente une rencontre rare entre un terroir d'exception, un savoir-faire exigeant et une expression singulière du Pinot Noir. Chaque millésime révèle une nouvelle lecture du lieu, avec cet équilibre entre profondeur, finesse et émotion qui fait des grands vins de Bourgogne des références intemporelles.","romanee-conti-grand-cru-2023-drc"
"Echezeaux Grand Cru 2020","Domaine E.Rouget","2020","Bourgogne","Bourgogne","L'avis The Wine Watchers
Nous sélectionnons cet Echezeaux Grand Cru 2020 du Domaine Emmanuel Rouget pour la noblesse de ses arômes, la précision de son interprétation par le domaine et sa capacité à exprimer avec justesse l'identité de la Bourgogne. Plus qu'un simple symbole de prestige, il représente une rencontre rare entre un terroir d'exception, un savoir-faire exigeant et une expression singulière du Pinot Noir. Chaque millésime révèle une nouvelle lecture du lieu, avec cet équilibre entre profondeur, finesse et émotion qui fait des grands vins de Bourgogne des références intemporelles.","echezeaux-2020"
"Echezeaux Grand Cru 2022","Domaine E.Rouget","2022","Bourgogne","Bourgogne","L'avis The Wine Watchers
Nous sélectionnons cet Echezeaux Grand Cru 2022 du Domaine Emmanuel Rouget pour la noblesse de ses arômes, la précision de son interprétation par le domaine et sa capacité à exprimer avec justesse l'identité de la Bourgogne. Plus qu'un simple symbole de prestige, il représente une rencontre rare entre un terroir d'exception, un savoir-faire exigeant et une expression singulière du Pinot Noir. Chaque millésime révèle une nouvelle lecture du lieu, avec cet équilibre entre profondeur, finesse et émotion qui fait des grands vins de Bourgogne des références intemporelles.","echezeaux-e-rouget-2022"
"Vosne Romanee Cros Parantoux 1er Cru","Domaine E.Rouget",,"Bourgogne","Bourgogne",,"vosne-romanee-cros-parantoux-caisse-rouget"
"Vosne-Romanée","Domaine E.Rouget",,"Bourgogne","Bourgogne",,"vosne-romanee-emmanuel-rouget"
"Chambertin "" Clos de Bèze""Grand Cru 2018","Domaine Faiveley","2018","Bourgogne","Bourgogne","L'avis The Wine Watchers :
Nous sélectionnons le **Chambertin Clos de Bèze Grand Cru du Domaine Faiveley** pour son équilibre exceptionnel entre puissance, profondeur et raffinement. Issu de l'un des plus anciens et des plus prestigieux climats de Gevrey-Chambertin, il incarne la grandeur des grands Pinot Noir de Bourgogne et le savoir-faire d'un domaine qui sublime ce terroir d'exception depuis plusieurs générations.
Ce qui nous séduit particulièrement est sa remarquable complexité. Dès sa jeunesse, le vin révèle une palette aromatique intense où se mêlent la cerise noire, la mûre, la framboise sauvage, la violette et les épices douces. À cette richesse s'ajoutent progressivement des notes de graphite, de réglisse, de cacao, de truffe et de sous-bois qui témoignent de son immense potentiel d'évolution.
Nous apprécions également la précision avec laquelle le Domaine Faiveley interprète ce Grand Cru. La matière est dense sans jamais être pesante, les tanins sont d'une grande noblesse et la fraîcheur naturelle du terroir apporte une tension qui allonge la finale avec une remarquable élégance. Chaque millésime exprime ainsi toute la personnalité du Clos de Bèze, sans excès de bois ni recherche de puissance démonstrative.
Au fil des années, le vin gagne en profondeur et en harmonie, développant une texture de plus en plus soyeuse tout en conservant son énergie. Sa capacité de garde est exceptionnelle et lui permet d'évoluer pendant plusieurs décennies, révélant progressivement toute la complexité de ce terroir mythique.
Pour **The Wine Watchers**, le **Chambertin Clos de Bèze Grand Cru du Domaine Faiveley** figure parmi les grandes références de la Côte de Nuits. Profond, racé et d'une remarquable précision, il illustre parfaitement la rencontre entre un terroir légendaire et l'exigence d'un domaine historique, offrant une expression intemporelle de l'excellence bourguignonne.","chambertin-clos-de-beze-grand-cru-2018-faiveley"
"Chambertin "" Clos de Bèze""Grand Cru 2019","Domaine Faiveley","2019","Bourgogne","Bourgogne","L'avis The Wine Watchers :
Nous sélectionnons le **Chambertin Clos de Bèze Grand Cru du Domaine Faiveley** pour son équilibre exceptionnel entre puissance, profondeur et raffinement. Issu de l'un des plus anciens et des plus prestigieux climats de Gevrey-Chambertin, il incarne la grandeur des grands Pinot Noir de Bourgogne et le savoir-faire d'un domaine qui sublime ce terroir d'exception depuis plusieurs générations.
Ce qui nous séduit particulièrement est sa remarquable complexité. Dès sa jeunesse, le vin révèle une palette aromatique intense où se mêlent la cerise noire, la mûre, la framboise sauvage, la violette et les épices douces. À cette richesse s'ajoutent progressivement des notes de graphite, de réglisse, de cacao, de truffe et de sous-bois qui témoignent de son immense potentiel d'évolution.
Nous apprécions également la précision avec laquelle le Domaine Faiveley interprète ce Grand Cru. La matière est dense sans jamais être pesante, les tanins sont d'une grande noblesse et la fraîcheur naturelle du terroir apporte une tension qui allonge la finale avec une remarquable élégance. Chaque millésime exprime ainsi toute la personnalité du Clos de Bèze, sans excès de bois ni recherche de puissance démonstrative.
Au fil des années, le vin gagne en profondeur et en harmonie, développant une texture de plus en plus soyeuse tout en conservant son énergie. Sa capacité de garde est exceptionnelle et lui permet d'évoluer pendant plusieurs décennies, révélant progressivement toute la complexité de ce terroir mythique.
Pour **The Wine Watchers**, le **Chambertin Clos de Bèze Grand Cru du Domaine Faiveley** figure parmi les grandes références de la Côte de Nuits. Profond, racé et d'une remarquable précision, il illustre parfaitement la rencontre entre un terroir légendaire et l'exigence d'un domaine historique, offrant une expression intemporelle de l'excellence bourguignonne.","chambertin-clos-de-beze-grand-cru-2019-faiveley"
"Chambertin "" Clos de Bèze""Grand Cru 2022","Domaine Faiveley","2022","Bourgogne","Bourgogne","L'avis The Wine Watchers :
Nous sélectionnons le **Chambertin Clos de Bèze Grand Cru du Domaine Faiveley** pour son équilibre exceptionnel entre puissance, profondeur et raffinement. Issu de l'un des plus anciens et des plus prestigieux climats de Gevrey-Chambertin, il incarne la grandeur des grands Pinot Noir de Bourgogne et le savoir-faire d'un domaine qui sublime ce terroir d'exception depuis plusieurs générations.
Ce qui nous séduit particulièrement est sa remarquable complexité. Dès sa jeunesse, le vin révèle une palette aromatique intense où se mêlent la cerise noire, la mûre, la framboise sauvage, la violette et les épices douces. À cette richesse s'ajoutent progressivement des notes de graphite, de réglisse, de cacao, de truffe et de sous-bois qui témoignent de son immense potentiel d'évolution.
Nous apprécions également la précision avec laquelle le Domaine Faiveley interprète ce Grand Cru. La matière est dense sans jamais être pesante, les tanins sont d'une grande noblesse et la fraîcheur naturelle du terroir apporte une tension qui allonge la finale avec une remarquable élégance. Chaque millésime exprime ainsi toute la personnalité du Clos de Bèze, sans excès de bois ni recherche de puissance démonstrative.
Au fil des années, le vin gagne en profondeur et en harmonie, développant une texture de plus en plus soyeuse tout en conservant son énergie. Sa capacité de garde est exceptionnelle et lui permet d'évoluer pendant plusieurs décennies, révélant progressivement toute la complexité de ce terroir mythique.
Pour **The Wine Watchers**, le **Chambertin Clos de Bèze Grand Cru du Domaine Faiveley** figure parmi les grandes références de la Côte de Nuits. Profond, racé et d'une remarquable précision, il illustre parfaitement la rencontre entre un terroir légendaire et l'exigence d'un domaine historique, offrant une expression intemporelle de l'excellence bourguignonne.","chambertin-clos-de-beze-grand-cru-2022-faiveley"
"Chambertin "" Clos de Bèze""Grand Cru 2023","Domaine Faiveley","2023","Bourgogne","Bourgogne","L'avis The Wine Watchers :
Nous sélectionnons le **Chambertin Clos de Bèze Grand Cru du Domaine Faiveley** pour son équilibre exceptionnel entre puissance, profondeur et raffinement. Issu de l'un des plus anciens et des plus prestigieux climats de Gevrey-Chambertin, il incarne la grandeur des grands Pinot Noir de Bourgogne et le savoir-faire d'un domaine qui sublime ce terroir d'exception depuis plusieurs générations.
Ce qui nous séduit particulièrement est sa remarquable complexité. Dès sa jeunesse, le vin révèle une palette aromatique intense où se mêlent la cerise noire, la mûre, la framboise sauvage, la violette et les épices douces. À cette richesse s'ajoutent progressivement des notes de graphite, de réglisse, de cacao, de truffe et de sous-bois qui témoignent de son immense potentiel d'évolution.
Nous apprécions également la précision avec laquelle le Domaine Faiveley interprète ce Grand Cru. La matière est dense sans jamais être pesante, les tanins sont d'une grande noblesse et la fraîcheur naturelle du terroir apporte une tension qui allonge la finale avec une remarquable élégance. Chaque millésime exprime ainsi toute la personnalité du Clos de Bèze, sans excès de bois ni recherche de puissance démonstrative.
Au fil des années, le vin gagne en profondeur et en harmonie, développant une texture de plus en plus soyeuse tout en conservant son énergie. Sa capacité de garde est exceptionnelle et lui permet d'évoluer pendant plusieurs décennies, révélant progressivement toute la complexité de ce terroir mythique.
Pour **The Wine Watchers**, le **Chambertin Clos de Bèze Grand Cru du Domaine Faiveley** figure parmi les grandes références de la Côte de Nuits. Profond, racé et d'une remarquable précision, il illustre parfaitement la rencontre entre un terroir légendaire et l'exigence d'un domaine historique, offrant une expression intemporelle de l'excellence bourguignonne.","chambertin-clos-de-beze-grand-cru-2023-faiveley"
"Corton ""Clos des Cortons"" Grand Cru 2020","Domaine Faiveley","2020","Bourgogne","Bourgogne","L’avis The Wine Watchers :
Nous sélectionnons les vins du **Domaine Faiveley** pour la richesse de son patrimoine, la précision de ses vinifications et sa capacité à exprimer avec justesse une remarquable diversité de terroirs bourguignons. Peu de domaines offrent une lecture aussi complète de la Bourgogne, depuis les grands climats de la Côte de Nuits jusqu’aux appellations de la Côte de Beaune et de la Côte Chalonnaise.
Ce qui nous séduit particulièrement est l’équilibre entre profondeur et définition. Les vins rouges possèdent une matière structurée, des tanins précis et une belle énergie, tandis que les blancs associent ampleur, fraîcheur et tension minérale. Chaque cuvée conserve ainsi la personnalité du climat dont elle est issue.
Nous apprécions également le travail parcellaire mené par le domaine. Les vinifications séparées, les extractions ajustées et les élevages maîtrisés permettent de préserver la finesse du fruit et l’identité de chaque terroir, sans rechercher un style uniforme.
Dans leur jeunesse, les rouges dévoilent des notes de cerise, de cassis, de violette et d’épices, puis évoluent vers des nuances de truffe, de sous-bois, de cuir fin et de thé noir. Les blancs développent des arômes d’agrumes, de fleurs blanches, de poire, de noisette et de pierre humide.
Pour **The Wine Watchers**, le Domaine Faiveley incarne une Bourgogne de terroirs, précise, ambitieuse et profondément fidèle à son histoire. Ses meilleurs Premiers Crus et Grands Crus possèdent un potentiel de garde remarquable et figurent parmi les références incontournables pour comprendre toute la diversité des grands vins bourguignons.","corton-clos-des-cortons-grand-cru-2020-faiveley"
"Corton ""Clos des Cortons"" Grand Cru 2021","Domaine Faiveley","2021","Bourgogne","Bourgogne","L’avis The Wine Watchers :
Nous sélectionnons les vins du **Domaine Faiveley** pour la richesse de son patrimoine, la précision de ses vinifications et sa capacité à exprimer avec justesse une remarquable diversité de terroirs bourguignons. Peu de domaines offrent une lecture aussi complète de la Bourgogne, depuis les grands climats de la Côte de Nuits jusqu’aux appellations de la Côte de Beaune et de la Côte Chalonnaise.
Ce qui nous séduit particulièrement est l’équilibre entre profondeur et définition. Les vins rouges possèdent une matière structurée, des tanins précis et une belle énergie, tandis que les blancs associent ampleur, fraîcheur et tension minérale. Chaque cuvée conserve ainsi la personnalité du climat dont elle est issue.
Nous apprécions également le travail parcellaire mené par le domaine. Les vinifications séparées, les extractions ajustées et les élevages maîtrisés permettent de préserver la finesse du fruit et l’identité de chaque terroir, sans rechercher un style uniforme.
Dans leur jeunesse, les rouges dévoilent des notes de cerise, de cassis, de violette et d’épices, puis évoluent vers des nuances de truffe, de sous-bois, de cuir fin et de thé noir. Les blancs développent des arômes d’agrumes, de fleurs blanches, de poire, de noisette et de pierre humide.
Pour **The Wine Watchers**, le Domaine Faiveley incarne une Bourgogne de terroirs, précise, ambitieuse et profondément fidèle à son histoire. Ses meilleurs Premiers Crus et Grands Crus possèdent un potentiel de garde remarquable et figurent parmi les références incontournables pour comprendre toute la diversité des grands vins bourguignons.","corton-clos-des-cortons-grand-cru-2021-faiveley"
"Corton ""Clos des Cortons"" Grand Cru 2022","Domaine Faiveley","2022","Bourgogne","Bourgogne","L’avis The Wine Watchers :
Nous sélectionnons les vins du **Domaine Faiveley** pour la richesse de son patrimoine, la précision de ses vinifications et sa capacité à exprimer avec justesse une remarquable diversité de terroirs bourguignons. Peu de domaines offrent une lecture aussi complète de la Bourgogne, depuis les grands climats de la Côte de Nuits jusqu’aux appellations de la Côte de Beaune et de la Côte Chalonnaise.
Ce qui nous séduit particulièrement est l’équilibre entre profondeur et définition. Les vins rouges possèdent une matière structurée, des tanins précis et une belle énergie, tandis que les blancs associent ampleur, fraîcheur et tension minérale. Chaque cuvée conserve ainsi la personnalité du climat dont elle est issue.
Nous apprécions également le travail parcellaire mené par le domaine. Les vinifications séparées, les extractions ajustées et les élevages maîtrisés permettent de préserver la finesse du fruit et l’identité de chaque terroir, sans rechercher un style uniforme.
Dans leur jeunesse, les rouges dévoilent des notes de cerise, de cassis, de violette et d’épices, puis évoluent vers des nuances de truffe, de sous-bois, de cuir fin et de thé noir. Les blancs développent des arômes d’agrumes, de fleurs blanches, de poire, de noisette et de pierre humide.
Pour **The Wine Watchers**, le Domaine Faiveley incarne une Bourgogne de terroirs, précise, ambitieuse et profondément fidèle à son histoire. Ses meilleurs Premiers Crus et Grands Crus possèdent un potentiel de garde remarquable et figurent parmi les références incontournables pour comprendre toute la diversité des grands vins bourguignons.","corton-clos-des-cortons-grand-cru-2022-faiveley"
"Corton ""Clos des Cortons"" Grand Cru 2023","Domaine Faiveley","2023","Bourgogne","Bourgogne","L’avis The Wine Watchers :
Nous sélectionnons les vins du **Domaine Faiveley** pour la richesse de son patrimoine, la précision de ses vinifications et sa capacité à exprimer avec justesse une remarquable diversité de terroirs bourguignons. Peu de domaines offrent une lecture aussi complète de la Bourgogne, depuis les grands climats de la Côte de Nuits jusqu’aux appellations de la Côte de Beaune et de la Côte Chalonnaise.
Ce qui nous séduit particulièrement est l’équilibre entre profondeur et définition. Les vins rouges possèdent une matière structurée, des tanins précis et une belle énergie, tandis que les blancs associent ampleur, fraîcheur et tension minérale. Chaque cuvée conserve ainsi la personnalité du climat dont elle est issue.
Nous apprécions également le travail parcellaire mené par le domaine. Les vinifications séparées, les extractions ajustées et les élevages maîtrisés permettent de préserver la finesse du fruit et l’identité de chaque terroir, sans rechercher un style uniforme.
Dans leur jeunesse, les rouges dévoilent des notes de cerise, de cassis, de violette et d’épices, puis évoluent vers des nuances de truffe, de sous-bois, de cuir fin et de thé noir. Les blancs développent des arômes d’agrumes, de fleurs blanches, de poire, de noisette et de pierre humide.
Pour **The Wine Watchers**, le Domaine Faiveley incarne une Bourgogne de terroirs, précise, ambitieuse et profondément fidèle à son histoire. Ses meilleurs Premiers Crus et Grands Crus possèdent un potentiel de garde remarquable et figurent parmi les références incontournables pour comprendre toute la diversité des grands vins bourguignons.","corton-grand-cru-2023-faiveley"
"Mazis Chambertin Grand Cru 2019","Domaine Faiveley","2019","Bourgogne","Bourgogne","L'avis The Wine Watchers :
Nous sélectionnons le Mazis-Chambertin Grand Cru du Domaine Faiveley pour son intensité, sa profondeur et son caractère affirmé. Ce Grand Cru de Gevrey-Chambertin exprime une personnalité plus sauvage et plus structurée que de nombreux autres climats de la Côte de Nuits, offrant un Pinot Noir d'une rare puissance, parfaitement maîtrisée par le savoir-faire du Domaine Faiveley.
Ce qui nous séduit particulièrement est la combinaison entre concentration et élégance. Dès les premières années, le vin dévoile des arômes de cerise noire, de mûre, de cassis et de violette, enrichis par des notes de poivre noir, de réglisse, de graphite et de cacao. Cette richesse aromatique repose sur une trame minérale qui apporte fraîcheur et précision jusqu'à une finale particulièrement persistante.
Nous apprécions également l'approche du Domaine Faiveley, qui privilégie une extraction mesurée et un élevage parfaitement intégré afin de préserver l'identité du terroir. Le résultat est un vin puissant sans lourdeur, doté de tanins denses mais remarquablement fins, capables d'accompagner une très longue évolution en bouteille.
Avec le temps, le Mazis-Chambertin révèle toute sa complexité en développant des arômes de truffe, de sous-bois, de cuir noble, de thé noir et d'épices orientales. Sa texture gagne progressivement en velouté tandis que son équilibre et sa fraîcheur demeurent remarquablement préservés.
Pour The Wine Watchers, le Mazis-Chambertin Grand Cru du Domaine Faiveley incarne toute la noblesse des grands terroirs de Gevrey-Chambertin. Profond, racé et doté d'un potentiel de garde exceptionnel, il s'adresse aux amateurs recherchant un Grand Cru de caractère, où la puissance s'exprime toujours avec finesse, précision et élégance.","mazis-chambertin-grand-cru-2019-faiveley"
"Mazis Chambertin Grand Cru 2020","Domaine Faiveley","2020","Bourgogne","Bourgogne","L'avis The Wine Watchers :
Nous sélectionnons le Mazis-Chambertin Grand Cru du Domaine Faiveley pour son intensité, sa profondeur et son caractère affirmé. Ce Grand Cru de Gevrey-Chambertin exprime une personnalité plus sauvage et plus structurée que de nombreux autres climats de la Côte de Nuits, offrant un Pinot Noir d'une rare puissance, parfaitement maîtrisée par le savoir-faire du Domaine Faiveley.
Ce qui nous séduit particulièrement est la combinaison entre concentration et élégance. Dès les premières années, le vin dévoile des arômes de cerise noire, de mûre, de cassis et de violette, enrichis par des notes de poivre noir, de réglisse, de graphite et de cacao. Cette richesse aromatique repose sur une trame minérale qui apporte fraîcheur et précision jusqu'à une finale particulièrement persistante.
Nous apprécions également l'approche du Domaine Faiveley, qui privilégie une extraction mesurée et un élevage parfaitement intégré afin de préserver l'identité du terroir. Le résultat est un vin puissant sans lourdeur, doté de tanins denses mais remarquablement fins, capables d'accompagner une très longue évolution en bouteille.
Avec le temps, le Mazis-Chambertin révèle toute sa complexité en développant des arômes de truffe, de sous-bois, de cuir noble, de thé noir et d'épices orientales. Sa texture gagne progressivement en velouté tandis que son équilibre et sa fraîcheur demeurent remarquablement préservés.
Pour The Wine Watchers, le Mazis-Chambertin Grand Cru du Domaine Faiveley incarne toute la noblesse des grands terroirs de Gevrey-Chambertin. Profond, racé et doté d'un potentiel de garde exceptionnel, il s'adresse aux amateurs recherchant un Grand Cru de caractère, où la puissance s'exprime toujours avec finesse, précision et élégance.","mazis-chambertin-grand-cru-2020-faiveley"
"Mazis Chambertin Grand Cru 2022","Domaine Faiveley","2022","Bourgogne","Bourgogne","L'avis The Wine Watchers :
Nous sélectionnons le Mazis-Chambertin Grand Cru du Domaine Faiveley pour son intensité, sa profondeur et son caractère affirmé. Ce Grand Cru de Gevrey-Chambertin exprime une personnalité plus sauvage et plus structurée que de nombreux autres climats de la Côte de Nuits, offrant un Pinot Noir d'une rare puissance, parfaitement maîtrisée par le savoir-faire du Domaine Faiveley.
Ce qui nous séduit particulièrement est la combinaison entre concentration et élégance. Dès les premières années, le vin dévoile des arômes de cerise noire, de mûre, de cassis et de violette, enrichis par des notes de poivre noir, de réglisse, de graphite et de cacao. Cette richesse aromatique repose sur une trame minérale qui apporte fraîcheur et précision jusqu'à une finale particulièrement persistante.
Nous apprécions également l'approche du Domaine Faiveley, qui privilégie une extraction mesurée et un élevage parfaitement intégré afin de préserver l'identité du terroir. Le résultat est un vin puissant sans lourdeur, doté de tanins denses mais remarquablement fins, capables d'accompagner une très longue évolution en bouteille.
Avec le temps, le Mazis-Chambertin révèle toute sa complexité en développant des arômes de truffe, de sous-bois, de cuir noble, de thé noir et d'épices orientales. Sa texture gagne progressivement en velouté tandis que son équilibre et sa fraîcheur demeurent remarquablement préservés.
Pour The Wine Watchers, le Mazis-Chambertin Grand Cru du Domaine Faiveley incarne toute la noblesse des grands terroirs de Gevrey-Chambertin. Profond, racé et doté d'un potentiel de garde exceptionnel, il s'adresse aux amateurs recherchant un Grand Cru de caractère, où la puissance s'exprime toujours avec finesse, précision et élégance.","mazis-chambertin-grand-cru-2022-faiveley"
"Mazis Chambertin Grand Cru 2023","Domaine Faiveley","2023","Bourgogne","Bourgogne","L'avis The Wine Watchers :
Nous sélectionnons le Mazis-Chambertin Grand Cru du Domaine Faiveley pour son intensité, sa profondeur et son caractère affirmé. Ce Grand Cru de Gevrey-Chambertin exprime une personnalité plus sauvage et plus structurée que de nombreux autres climats de la Côte de Nuits, offrant un Pinot Noir d'une rare puissance, parfaitement maîtrisée par le savoir-faire du Domaine Faiveley.
Ce qui nous séduit particulièrement est la combinaison entre concentration et élégance. Dès les premières années, le vin dévoile des arômes de cerise noire, de mûre, de cassis et de violette, enrichis par des notes de poivre noir, de réglisse, de graphite et de cacao. Cette richesse aromatique repose sur une trame minérale qui apporte fraîcheur et précision jusqu'à une finale particulièrement persistante.
Nous apprécions également l'approche du Domaine Faiveley, qui privilégie une extraction mesurée et un élevage parfaitement intégré afin de préserver l'identité du terroir. Le résultat est un vin puissant sans lourdeur, doté de tanins denses mais remarquablement fins, capables d'accompagner une très longue évolution en bouteille.
Avec le temps, le Mazis-Chambertin révèle toute sa complexité en développant des arômes de truffe, de sous-bois, de cuir noble, de thé noir et d'épices orientales. Sa texture gagne progressivement en velouté tandis que son équilibre et sa fraîcheur demeurent remarquablement préservés.
Pour The Wine Watchers, le Mazis-Chambertin Grand Cru du Domaine Faiveley incarne toute la noblesse des grands terroirs de Gevrey-Chambertin. Profond, racé et doté d'un potentiel de garde exceptionnel, il s'adresse aux amateurs recherchant un Grand Cru de caractère, où la puissance s'exprime toujours avec finesse, précision et élégance.","masis-chambertin-grand-cru-2023-faiveley"
"Musigny Grand Cru 2019","Domaine Faiveley","2019","Bourgogne","Bourgogne","L’avis The Wine Watchers :

Nous sélectionnons les vins du **Domaine Faiveley** pour la richesse de son patrimoine, la précision de ses vinifications et sa capacité à exprimer avec justesse une remarquable diversité de terroirs bourguignons. Peu de domaines offrent une lecture aussi complète de la Bourgogne, depuis les grands climats de la Côte de Nuits jusqu’aux appellations de la Côte de Beaune et de la Côte Chalonnaise.

Ce qui nous séduit particulièrement est l’équilibre entre profondeur et définition. Les vins rouges possèdent une matière structurée, des tanins précis et une belle énergie, tandis que les blancs associent ampleur, fraîcheur et tension minérale. Chaque cuvée conserve ainsi la personnalité du climat dont elle est issue.

Nous apprécions également le travail parcellaire mené par le domaine. Les vinifications séparées, les extractions ajustées et les élevages maîtrisés permettent de préserver la finesse du fruit et l’identité de chaque terroir, sans rechercher un style uniforme.

Dans leur jeunesse, les rouges dévoilent des notes de cerise, de cassis, de violette et d’épices, puis évoluent vers des nuances de truffe, de sous-bois, de cuir fin et de thé noir. Les blancs développent des arômes d’agrumes, de fleurs blanches, de poire, de noisette et de pierre humide.

Pour **The Wine Watchers**, le Domaine Faiveley incarne une Bourgogne de terroirs, précise, ambitieuse et profondément fidèle à son histoire. Ses meilleurs Premiers Crus et Grands Crus possèdent un potentiel de garde remarquable et figurent parmi les références incontournables pour comprendre toute la diversité des grands vins bourguignons.","musigny-grand-cru-2019-faiveley"
"Musigny Grand Cru 2020","Domaine Faiveley","2020","Bourgogne","Bourgogne","L’avis The Wine Watchers :

Nous sélectionnons les vins du **Domaine Faiveley** pour la richesse de son patrimoine, la précision de ses vinifications et sa capacité à exprimer avec justesse une remarquable diversité de terroirs bourguignons. Peu de domaines offrent une lecture aussi complète de la Bourgogne, depuis les grands climats de la Côte de Nuits jusqu’aux appellations de la Côte de Beaune et de la Côte Chalonnaise.

Ce qui nous séduit particulièrement est l’équilibre entre profondeur et définition. Les vins rouges possèdent une matière structurée, des tanins précis et une belle énergie, tandis que les blancs associent ampleur, fraîcheur et tension minérale. Chaque cuvée conserve ainsi la personnalité du climat dont elle est issue.

Nous apprécions également le travail parcellaire mené par le domaine. Les vinifications séparées, les extractions ajustées et les élevages maîtrisés permettent de préserver la finesse du fruit et l’identité de chaque terroir, sans rechercher un style uniforme.

Dans leur jeunesse, les rouges dévoilent des notes de cerise, de cassis, de violette et d’épices, puis évoluent vers des nuances de truffe, de sous-bois, de cuir fin et de thé noir. Les blancs développent des arômes d’agrumes, de fleurs blanches, de poire, de noisette et de pierre humide.

Pour **The Wine Watchers**, le Domaine Faiveley incarne une Bourgogne de terroirs, précise, ambitieuse et profondément fidèle à son histoire. Ses meilleurs Premiers Crus et Grands Crus possèdent un potentiel de garde remarquable et figurent parmi les références incontournables pour comprendre toute la diversité des grands vins bourguignons.","musigny-grand-cru-2020-faiveley"
"Musigny Grand Cru 2022","Domaine Faiveley","2022","Bourgogne","Bourgogne","L’avis The Wine Watchers :

Nous sélectionnons les vins du **Domaine Faiveley** pour la richesse de son patrimoine, la précision de ses vinifications et sa capacité à exprimer avec justesse une remarquable diversité de terroirs bourguignons. Peu de domaines offrent une lecture aussi complète de la Bourgogne, depuis les grands climats de la Côte de Nuits jusqu’aux appellations de la Côte de Beaune et de la Côte Chalonnaise.

Ce qui nous séduit particulièrement est l’équilibre entre profondeur et définition. Les vins rouges possèdent une matière structurée, des tanins précis et une belle énergie, tandis que les blancs associent ampleur, fraîcheur et tension minérale. Chaque cuvée conserve ainsi la personnalité du climat dont elle est issue.

Nous apprécions également le travail parcellaire mené par le domaine. Les vinifications séparées, les extractions ajustées et les élevages maîtrisés permettent de préserver la finesse du fruit et l’identité de chaque terroir, sans rechercher un style uniforme.

Dans leur jeunesse, les rouges dévoilent des notes de cerise, de cassis, de violette et d’épices, puis évoluent vers des nuances de truffe, de sous-bois, de cuir fin et de thé noir. Les blancs développent des arômes d’agrumes, de fleurs blanches, de poire, de noisette et de pierre humide.

Pour **The Wine Watchers**, le Domaine Faiveley incarne une Bourgogne de terroirs, précise, ambitieuse et profondément fidèle à son histoire. Ses meilleurs Premiers Crus et Grands Crus possèdent un potentiel de garde remarquable et figurent parmi les références incontournables pour comprendre toute la diversité des grands vins bourguignons.","musigny-grand-cru-2022-faiveley"
"Musigny Grand Cru 2023","Domaine Faiveley","2023","Bourgogne","Bourgogne","L’avis The Wine Watchers :

Nous sélectionnons les vins du **Domaine Faiveley** pour la richesse de son patrimoine, la précision de ses vinifications et sa capacité à exprimer avec justesse une remarquable diversité de terroirs bourguignons. Peu de domaines offrent une lecture aussi complète de la Bourgogne, depuis les grands climats de la Côte de Nuits jusqu’aux appellations de la Côte de Beaune et de la Côte Chalonnaise.

Ce qui nous séduit particulièrement est l’équilibre entre profondeur et définition. Les vins rouges possèdent une matière structurée, des tanins précis et une belle énergie, tandis que les blancs associent ampleur, fraîcheur et tension minérale. Chaque cuvée conserve ainsi la personnalité du climat dont elle est issue.

Nous apprécions également le travail parcellaire mené par le domaine. Les vinifications séparées, les extractions ajustées et les élevages maîtrisés permettent de préserver la finesse du fruit et l’identité de chaque terroir, sans rechercher un style uniforme.

Dans leur jeunesse, les rouges dévoilent des notes de cerise, de cassis, de violette et d’épices, puis évoluent vers des nuances de truffe, de sous-bois, de cuir fin et de thé noir. Les blancs développent des arômes d’agrumes, de fleurs blanches, de poire, de noisette et de pierre humide.

Pour **The Wine Watchers**, le Domaine Faiveley incarne une Bourgogne de terroirs, précise, ambitieuse et profondément fidèle à son histoire. Ses meilleurs Premiers Crus et Grands Crus possèdent un potentiel de garde remarquable et figurent parmi les références incontournables pour comprendre toute la diversité des grands vins bourguignons.","musigny-grand-cru-2023-faiveley"
"Chablis 1er Cru Montée de Tonnerre 2020","Domaine François Raveneau","2020","Bourgogne","Bourgogne","L’avis The Wine Watchers :
Nous sélectionnons les vins du **Domaine François Raveneau** pour leur pureté, leur profondeur et leur capacité exceptionnelle à restituer l’identité des grands terroirs de Chablis. Peu de domaines parviennent à exprimer avec autant de précision la tension minérale, la salinité et la noblesse du Chardonnay issu des sols kimméridgiens.

Ce qui nous séduit particulièrement est l’équilibre entre richesse et droiture. Les vins possèdent une matière ample, parfois presque crémeuse, mais toujours portée par une fraîcheur vive et une structure minérale qui leur confèrent une remarquable énergie. Chaque cuvée conserve ainsi une personnalité propre, fidèle au climat dont elle est issue.

Nous apprécions également la discrétion du travail accompli au domaine. Les élevages en fûts anciens, les fermentations naturelles et les interventions mesurées accompagnent le vin sans jamais dominer son expression. Le boisé demeure subtil, au service de la texture, de la complexité et de la lecture du terroir.

Dans leur jeunesse, les vins dévoilent des notes d’agrumes, de fleurs blanches, de craie, de silex et de coquille d’huître. Avec le temps, ils gagnent en profondeur et développent des nuances de miel, de noisette, d’amande, de truffe blanche et d’épices fines, tout en conservant une fraîcheur saisissante.

Pour **The Wine Watchers**, le Domaine François Raveneau représente l’une des expressions les plus accomplies de Chablis. Rares, précis et profondément marqués par leur origine, ses vins dépassent le simple cadre de l’appellation pour rejoindre le cercle des plus grands vins blancs de Bourgogne et du monde.","chablis-1er-cru-montee-de-tonnerre-2020-raveneau"
"Chablis 1er Cru Montée de Tonnerre 2021","Domaine François Raveneau","2021","Bourgogne","Bourgogne","L’avis The Wine Watchers :
Nous sélectionnons les vins du **Domaine François Raveneau** pour leur pureté, leur profondeur et leur capacité exceptionnelle à restituer l’identité des grands terroirs de Chablis. Peu de domaines parviennent à exprimer avec autant de précision la tension minérale, la salinité et la noblesse du Chardonnay issu des sols kimméridgiens.

Ce qui nous séduit particulièrement est l’équilibre entre richesse et droiture. Les vins possèdent une matière ample, parfois presque crémeuse, mais toujours portée par une fraîcheur vive et une structure minérale qui leur confèrent une remarquable énergie. Chaque cuvée conserve ainsi une personnalité propre, fidèle au climat dont elle est issue.

Nous apprécions également la discrétion du travail accompli au domaine. Les élevages en fûts anciens, les fermentations naturelles et les interventions mesurées accompagnent le vin sans jamais dominer son expression. Le boisé demeure subtil, au service de la texture, de la complexité et de la lecture du terroir.

Dans leur jeunesse, les vins dévoilent des notes d’agrumes, de fleurs blanches, de craie, de silex et de coquille d’huître. Avec le temps, ils gagnent en profondeur et développent des nuances de miel, de noisette, d’amande, de truffe blanche et d’épices fines, tout en conservant une fraîcheur saisissante.

Pour **The Wine Watchers**, le Domaine François Raveneau représente l’une des expressions les plus accomplies de Chablis. Rares, précis et profondément marqués par leur origine, ses vins dépassent le simple cadre de l’appellation pour rejoindre le cercle des plus grands vins blancs de Bourgogne et du monde.","chablis-1er-cru-montee-de-tonnerre-2021-raveneau"
"Chablis 1er Cru Montée de Tonnerre 2022","Domaine François Raveneau","2022","Bourgogne","Bourgogne","L’avis The Wine Watchers :
Nous sélectionnons les vins du **Domaine François Raveneau** pour leur pureté, leur profondeur et leur capacité exceptionnelle à restituer l’identité des grands terroirs de Chablis. Peu de domaines parviennent à exprimer avec autant de précision la tension minérale, la salinité et la noblesse du Chardonnay issu des sols kimméridgiens.

Ce qui nous séduit particulièrement est l’équilibre entre richesse et droiture. Les vins possèdent une matière ample, parfois presque crémeuse, mais toujours portée par une fraîcheur vive et une structure minérale qui leur confèrent une remarquable énergie. Chaque cuvée conserve ainsi une personnalité propre, fidèle au climat dont elle est issue.

Nous apprécions également la discrétion du travail accompli au domaine. Les élevages en fûts anciens, les fermentations naturelles et les interventions mesurées accompagnent le vin sans jamais dominer son expression. Le boisé demeure subtil, au service de la texture, de la complexité et de la lecture du terroir.

Dans leur jeunesse, les vins dévoilent des notes d’agrumes, de fleurs blanches, de craie, de silex et de coquille d’huître. Avec le temps, ils gagnent en profondeur et développent des nuances de miel, de noisette, d’amande, de truffe blanche et d’épices fines, tout en conservant une fraîcheur saisissante.

Pour **The Wine Watchers**, le Domaine François Raveneau représente l’une des expressions les plus accomplies de Chablis. Rares, précis et profondément marqués par leur origine, ses vins dépassent le simple cadre de l’appellation pour rejoindre le cercle des plus grands vins blancs de Bourgogne et du monde.","chablis-1er-cru-montee-de-tonnerre-2022-raveneau"
"Chablis 1er Cru Montée de Tonnerre 2023","Domaine François Raveneau","2023","Bourgogne","Bourgogne","L’avis The Wine Watchers :
Nous sélectionnons les vins du **Domaine François Raveneau** pour leur pureté, leur profondeur et leur capacité exceptionnelle à restituer l’identité des grands terroirs de Chablis. Peu de domaines parviennent à exprimer avec autant de précision la tension minérale, la salinité et la noblesse du Chardonnay issu des sols kimméridgiens.

Ce qui nous séduit particulièrement est l’équilibre entre richesse et droiture. Les vins possèdent une matière ample, parfois presque crémeuse, mais toujours portée par une fraîcheur vive et une structure minérale qui leur confèrent une remarquable énergie. Chaque cuvée conserve ainsi une personnalité propre, fidèle au climat dont elle est issue.

Nous apprécions également la discrétion du travail accompli au domaine. Les élevages en fûts anciens, les fermentations naturelles et les interventions mesurées accompagnent le vin sans jamais dominer son expression. Le boisé demeure subtil, au service de la texture, de la complexité et de la lecture du terroir.

Dans leur jeunesse, les vins dévoilent des notes d’agrumes, de fleurs blanches, de craie, de silex et de coquille d’huître. Avec le temps, ils gagnent en profondeur et développent des nuances de miel, de noisette, d’amande, de truffe blanche et d’épices fines, tout en conservant une fraîcheur saisissante.

Pour **The Wine Watchers**, le Domaine François Raveneau représente l’une des expressions les plus accomplies de Chablis. Rares, précis et profondément marqués par leur origine, ses vins dépassent le simple cadre de l’appellation pour rejoindre le cercle des plus grands vins blancs de Bourgogne et du monde.","chablis-premier-cru-montee-de-tonnerre-2023-raveneau"
"Chablis Grand Cru Valmur 2015","Domaine François Raveneau","2015","Bourgogne","Bourgogne","L’avis The Wine Watchers :
Nous sélectionnons les vins du **Domaine François Raveneau** pour leur pureté, leur profondeur et leur capacité exceptionnelle à restituer l’identité des grands terroirs de Chablis. Peu de domaines parviennent à exprimer avec autant de précision la tension minérale, la salinité et la noblesse du Chardonnay issu des sols kimméridgiens.

Ce qui nous séduit particulièrement est l’équilibre entre richesse et droiture. Les vins possèdent une matière ample, parfois presque crémeuse, mais toujours portée par une fraîcheur vive et une structure minérale qui leur confèrent une remarquable énergie. Chaque cuvée conserve ainsi une personnalité propre, fidèle au climat dont elle est issue.

Nous apprécions également la discrétion du travail accompli au domaine. Les élevages en fûts anciens, les fermentations naturelles et les interventions mesurées accompagnent le vin sans jamais dominer son expression. Le boisé demeure subtil, au service de la texture, de la complexité et de la lecture du terroir.

Dans leur jeunesse, les vins dévoilent des notes d’agrumes, de fleurs blanches, de craie, de silex et de coquille d’huître. Avec le temps, ils gagnent en profondeur et développent des nuances de miel, de noisette, d’amande, de truffe blanche et d’épices fines, tout en conservant une fraîcheur saisissante.

Pour **The Wine Watchers**, le Domaine François Raveneau représente l’une des expressions les plus accomplies de Chablis. Rares, précis et profondément marqués par leur origine, ses vins dépassent le simple cadre de l’appellation pour rejoindre le cercle des plus grands vins blancs de Bourgogne et du monde.","chablis-grand-cru-valmur-2015-raveneau"
"Chablis Grand Cru Valmur 2018","Domaine François Raveneau","2018","Bourgogne","Bourgogne","L’avis The Wine Watchers :
Nous sélectionnons les vins du **Domaine François Raveneau** pour leur pureté, leur profondeur et leur capacité exceptionnelle à restituer l’identité des grands terroirs de Chablis. Peu de domaines parviennent à exprimer avec autant de précision la tension minérale, la salinité et la noblesse du Chardonnay issu des sols kimméridgiens.

Ce qui nous séduit particulièrement est l’équilibre entre richesse et droiture. Les vins possèdent une matière ample, parfois presque crémeuse, mais toujours portée par une fraîcheur vive et une structure minérale qui leur confèrent une remarquable énergie. Chaque cuvée conserve ainsi une personnalité propre, fidèle au climat dont elle est issue.

Nous apprécions également la discrétion du travail accompli au domaine. Les élevages en fûts anciens, les fermentations naturelles et les interventions mesurées accompagnent le vin sans jamais dominer son expression. Le boisé demeure subtil, au service de la texture, de la complexité et de la lecture du terroir.

Dans leur jeunesse, les vins dévoilent des notes d’agrumes, de fleurs blanches, de craie, de silex et de coquille d’huître. Avec le temps, ils gagnent en profondeur et développent des nuances de miel, de noisette, d’amande, de truffe blanche et d’épices fines, tout en conservant une fraîcheur saisissante.

Pour **The Wine Watchers**, le Domaine François Raveneau représente l’une des expressions les plus accomplies de Chablis. Rares, précis et profondément marqués par leur origine, ses vins dépassent le simple cadre de l’appellation pour rejoindre le cercle des plus grands vins blancs de Bourgogne et du monde.","chablis-grand-cru-valmur-2018-raveneau"
"Chablis Grand Cru Valmur 2022","Domaine François Raveneau","2022","Bourgogne","Bourgogne","L’avis The Wine Watchers :
Nous sélectionnons les vins du **Domaine François Raveneau** pour leur pureté, leur profondeur et leur capacité exceptionnelle à restituer l’identité des grands terroirs de Chablis. Peu de domaines parviennent à exprimer avec autant de précision la tension minérale, la salinité et la noblesse du Chardonnay issu des sols kimméridgiens.

Ce qui nous séduit particulièrement est l’équilibre entre richesse et droiture. Les vins possèdent une matière ample, parfois presque crémeuse, mais toujours portée par une fraîcheur vive et une structure minérale qui leur confèrent une remarquable énergie. Chaque cuvée conserve ainsi une personnalité propre, fidèle au climat dont elle est issue.

Nous apprécions également la discrétion du travail accompli au domaine. Les élevages en fûts anciens, les fermentations naturelles et les interventions mesurées accompagnent le vin sans jamais dominer son expression. Le boisé demeure subtil, au service de la texture, de la complexité et de la lecture du terroir.

Dans leur jeunesse, les vins dévoilent des notes d’agrumes, de fleurs blanches, de craie, de silex et de coquille d’huître. Avec le temps, ils gagnent en profondeur et développent des nuances de miel, de noisette, d’amande, de truffe blanche et d’épices fines, tout en conservant une fraîcheur saisissante.

Pour **The Wine Watchers**, le Domaine François Raveneau représente l’une des expressions les plus accomplies de Chablis. Rares, précis et profondément marqués par leur origine, ses vins dépassent le simple cadre de l’appellation pour rejoindre le cercle des plus grands vins blancs de Bourgogne et du monde.","chablis-grand-cru-valmur-2022-raveneau"
"Chablis Grand Cru Valmur 2023","Domaine François Raveneau","2023","Bourgogne","Bourgogne","L’avis The Wine Watchers :

Nous sélectionnons les vins du **Domaine François Raveneau** pour leur pureté, leur profondeur et leur capacité exceptionnelle à restituer l’identité des grands terroirs de Chablis. Peu de domaines parviennent à exprimer avec autant de précision la tension minérale, la salinité et la noblesse du Chardonnay issu des sols kimméridgiens.

Ce qui nous séduit particulièrement est l’équilibre entre richesse et droiture. Les vins possèdent une matière ample, parfois presque crémeuse, mais toujours portée par une fraîcheur vive et une structure minérale qui leur confèrent une remarquable énergie. Chaque cuvée conserve ainsi une personnalité propre, fidèle au climat dont elle est issue.

Nous apprécions également la discrétion du travail accompli au domaine. Les élevages en fûts anciens, les fermentations naturelles et les interventions mesurées accompagnent le vin sans jamais dominer son expression. Le boisé demeure subtil, au service de la texture, de la complexité et de la lecture du terroir.

Dans leur jeunesse, les vins dévoilent des notes d’agrumes, de fleurs blanches, de craie, de silex et de coquille d’huître. Avec le temps, ils gagnent en profondeur et développent des nuances de miel, de noisette, d’amande, de truffe blanche et d’épices fines, tout en conservant une fraîcheur saisissante.

Pour **The Wine Watchers**, le Domaine François Raveneau représente l’une des expressions les plus accomplies de Chablis. Rares, précis et profondément marqués par leur origine, ses vins dépassent le simple cadre de l’appellation pour rejoindre le cercle des plus grands vins blancs de Bourgogne et du monde.","chablis-grand-cru-valmur-2023-raveneau"
"Bonnes-Mares Grand Cru 2009","Domaine Georges Roumier","2009","Bourgogne","Bourgogne","L'avis The Wine Watchers
Nous sélectionnons ce Bonnes-Mares Grand Cru 2009 du Domaine Georges Roumier pour la noblesse de ses arômes, la précision de son interprétation par le domaine et sa capacité à exprimer avec justesse l'identité de la Bourgogne. Plus qu'un simple symbole de prestige, il représente une rencontre rare entre un terroir d'exception, un savoir-faire exigeant et une expression singulière du Pinot Noir. Chaque millésime révèle une nouvelle lecture du lieu, avec cet équilibre entre profondeur, finesse et émotion qui fait des grands vins de Bourgogne des références intemporelles.","bonnes-mares-grand-cru-2009-roumier"
"Bonnes-Mares Grand Cru 2015","Domaine Georges Roumier","2015","Bourgogne","Bourgogne","L'avis The Wine Watchers
Nous sélectionnons ce Bonnes-Mares Grand Cru 2015 du Domaine Georges Roumier pour la noblesse de ses arômes, la précision de son interprétation par le domaine et sa capacité à exprimer avec justesse l'identité de la Bourgogne. Plus qu'un simple symbole de prestige, il représente une rencontre rare entre un terroir d'exception, un savoir-faire exigeant et une expression singulière du Pinot Noir. Chaque millésime révèle une nouvelle lecture du lieu, avec cet équilibre entre profondeur, finesse et émotion qui fait des grands vins de Bourgogne des références intemporelles.","bonnes-mares-grand-cru-2015-domaine-roumier"
"Bonnes-Mares Grand Cru 2016","Domaine Georges Roumier","2016","Bourgogne","Bourgogne","L'avis The Wine Watchers
Nous sélectionnons ce Bonnes-Mares Grand Cru 2016 du Domaine Georges Roumier pour la noblesse de ses arômes, la précision de son interprétation par le domaine et sa capacité à exprimer avec justesse l'identité de la Bourgogne. Plus qu'un simple symbole de prestige, il représente une rencontre rare entre un terroir d'exception, un savoir-faire exigeant et une expression singulière du Pinot Noir. Chaque millésime révèle une nouvelle lecture du lieu, avec cet équilibre entre profondeur, finesse et émotion qui fait des grands vins de Bourgogne des références intemporelles.","bonnes-mares-grand-cru-2016-domaine-roumier"
"Bonnes-Mares Grand Cru 2017","Domaine Georges Roumier","2017","Bourgogne","Bourgogne","L'avis The Wine Watchers
Nous sélectionnons ce Bonnes-Mares Grand Cru 2017 du Domaine Georges Roumier pour la noblesse de ses arômes, la précision de son interprétation par le domaine et sa capacité à exprimer avec justesse l'identité de la Bourgogne. Plus qu'un simple symbole de prestige, il représente une rencontre rare entre un terroir d'exception, un savoir-faire exigeant et une expression singulière du Pinot Noir. Chaque millésime révèle une nouvelle lecture du lieu, avec cet équilibre entre profondeur, finesse et émotion qui fait des grands vins de Bourgogne des références intemporelles.","bonnes-mares-grand-cru-2017-domaine-roumier"
"Bonnes-Mares Grand Cru 2018","Domaine Georges Roumier","2018","Bourgogne","Bourgogne","L'avis The Wine Watchers
Nous sélectionnons ce Bonnes-Mares Grand Cru 2018 du Domaine Georges Roumier pour la noblesse de ses arômes, la précision de son interprétation par le domaine et sa capacité à exprimer avec justesse l'identité de la Bourgogne. Plus qu'un simple symbole de prestige, il représente une rencontre rare entre un terroir d'exception, un savoir-faire exigeant et une expression singulière du Pinot Noir. Chaque millésime révèle une nouvelle lecture du lieu, avec cet équilibre entre profondeur, finesse et émotion qui fait des grands vins de Bourgogne des références intemporelles.","bonnes-mares-grand-cru-2018-domaine-roumier"
"Bonnes-Mares Grand Cru 2019","Domaine Georges Roumier","2019","Bourgogne","Bourgogne","L'avis The Wine Watchers
Nous sélectionnons ce Bonnes-Mares Grand Cru 2019 du Domaine Georges Roumier pour la noblesse de ses arômes, la précision de son interprétation par le domaine et sa capacité à exprimer avec justesse l'identité de la Bourgogne. Plus qu'un simple symbole de prestige, il représente une rencontre rare entre un terroir d'exception, un savoir-faire exigeant et une expression singulière du Pinot Noir. Chaque millésime révèle une nouvelle lecture du lieu, avec cet équilibre entre profondeur, finesse et émotion qui fait des grands vins de Bourgogne des références intemporelles.","bonnes-mares-grand-cru-2019-domaine-roumier"
"Bonnes-Mares Grand Cru 2021","Domaine Georges Roumier","2021","Bourgogne","Bourgogne","L'avis The Wine Watchers
Nous sélectionnons ce Bonnes-Mares Grand Cru 2021 du Domaine Georges Roumier pour la noblesse de ses arômes, la précision de son interprétation par le domaine et sa capacité à exprimer avec justesse l'identité de la Bourgogne. Plus qu'un simple symbole de prestige, il représente une rencontre rare entre un terroir d'exception, un savoir-faire exigeant et une expression singulière du Pinot Noir. Chaque millésime révèle une nouvelle lecture du lieu, avec cet équilibre entre profondeur, finesse et émotion qui fait des grands vins de Bourgogne des références intemporelles.","bonnes-mares-grand-cru-2021-domaine-roumier"
"Chambolle-Musigny 1er Cru Les Cras 2018","Domaine Georges Roumier","2018","Bourgogne","Bourgogne","L'avis The Wine Watchers :

Nous sélectionnons le **Chambolle-Musigny du Domaine Georges Roumier** pour sa capacité exceptionnelle à exprimer toute la finesse et la noblesse de l'appellation. Ce vin incarne avec une rare justesse l'élégance du Pinot Noir bourguignon, où la délicatesse aromatique s'allie à une profondeur et une précision remarquables.

Ce qui nous séduit particulièrement est son équilibre naturel. Dès les premières années, le vin dévoile un bouquet raffiné de cerise, de framboise, de violette et de pétales de rose, soutenu par une texture soyeuse et des tanins d'une extrême finesse. La minéralité discrète, signature des grands terroirs de Chambolle-Musigny, apporte fraîcheur, tension et une remarquable sensation de pureté.

Nous apprécions également la philosophie du Domaine Georges Roumier, fondée sur une viticulture exigeante et une intervention mesurée en cave. Chaque cuvée privilégie l'expression du terroir plutôt que la recherche de puissance, donnant naissance à des vins d'une grande authenticité, immédiatement reconnaissables par leur équilibre et leur élégance.

Avec les années, le Chambolle-Musigny gagne en profondeur et développe de subtiles notes de sous-bois, de truffe, d'épices douces et de thé noir, tout en conservant son éclat et sa fraîcheur. Son potentiel de garde permet une évolution harmonieuse pendant de nombreuses années, révélant progressivement toute la complexité de son terroir.

Pour **The Wine Watchers**, le **Chambolle-Musigny du Domaine Georges Roumier** représente l'une des plus belles expressions de cette appellation mythique. Élégant, racé et d'une remarquable précision, il illustre parfaitement le savoir-faire de l'un des domaines les plus prestigieux de Bourgogne et figure parmi les grandes références du Pinot Noir contemporain.","chambolle-musigny-1er-cru-les-cras-2018-g-roumier"
"Chambolle-Musigny 1er Cru Les Cras 2021","Domaine Georges Roumier","2021","Bourgogne","Bourgogne","L'avis The Wine Watchers :

Nous sélectionnons le **Chambolle-Musigny du Domaine Georges Roumier** pour sa capacité exceptionnelle à exprimer toute la finesse et la noblesse de l'appellation. Ce vin incarne avec une rare justesse l'élégance du Pinot Noir bourguignon, où la délicatesse aromatique s'allie à une profondeur et une précision remarquables.

Ce qui nous séduit particulièrement est son équilibre naturel. Dès les premières années, le vin dévoile un bouquet raffiné de cerise, de framboise, de violette et de pétales de rose, soutenu par une texture soyeuse et des tanins d'une extrême finesse. La minéralité discrète, signature des grands terroirs de Chambolle-Musigny, apporte fraîcheur, tension et une remarquable sensation de pureté.

Nous apprécions également la philosophie du Domaine Georges Roumier, fondée sur une viticulture exigeante et une intervention mesurée en cave. Chaque cuvée privilégie l'expression du terroir plutôt que la recherche de puissance, donnant naissance à des vins d'une grande authenticité, immédiatement reconnaissables par leur équilibre et leur élégance.

Avec les années, le Chambolle-Musigny gagne en profondeur et développe de subtiles notes de sous-bois, de truffe, d'épices douces et de thé noir, tout en conservant son éclat et sa fraîcheur. Son potentiel de garde permet une évolution harmonieuse pendant de nombreuses années, révélant progressivement toute la complexité de son terroir.

Pour **The Wine Watchers**, le **Chambolle-Musigny du Domaine Georges Roumier** représente l'une des plus belles expressions de cette appellation mythique. Élégant, racé et d'une remarquable précision, il illustre parfaitement le savoir-faire de l'un des domaines les plus prestigieux de Bourgogne et figure parmi les grandes références du Pinot Noir contemporain.","chambolle-musigny-1er-cru-les-cras-2021-g-roumier"
"Chambolle-Musigny 1er Cru Les Cras 2022","Domaine Georges Roumier","2022","Bourgogne","Bourgogne","L'avis The Wine Watchers :

Nous sélectionnons le **Chambolle-Musigny du Domaine Georges Roumier** pour sa capacité exceptionnelle à exprimer toute la finesse et la noblesse de l'appellation. Ce vin incarne avec une rare justesse l'élégance du Pinot Noir bourguignon, où la délicatesse aromatique s'allie à une profondeur et une précision remarquables.

Ce qui nous séduit particulièrement est son équilibre naturel. Dès les premières années, le vin dévoile un bouquet raffiné de cerise, de framboise, de violette et de pétales de rose, soutenu par une texture soyeuse et des tanins d'une extrême finesse. La minéralité discrète, signature des grands terroirs de Chambolle-Musigny, apporte fraîcheur, tension et une remarquable sensation de pureté.

Nous apprécions également la philosophie du Domaine Georges Roumier, fondée sur une viticulture exigeante et une intervention mesurée en cave. Chaque cuvée privilégie l'expression du terroir plutôt que la recherche de puissance, donnant naissance à des vins d'une grande authenticité, immédiatement reconnaissables par leur équilibre et leur élégance.

Avec les années, le Chambolle-Musigny gagne en profondeur et développe de subtiles notes de sous-bois, de truffe, d'épices douces et de thé noir, tout en conservant son éclat et sa fraîcheur. Son potentiel de garde permet une évolution harmonieuse pendant de nombreuses années, révélant progressivement toute la complexité de son terroir.

Pour **The Wine Watchers**, le **Chambolle-Musigny du Domaine Georges Roumier** représente l'une des plus belles expressions de cette appellation mythique. Élégant, racé et d'une remarquable précision, il illustre parfaitement le savoir-faire de l'un des domaines les plus prestigieux de Bourgogne et figure parmi les grandes références du Pinot Noir contemporain.","chambolle-musigny-1er-cru-les-cras-2022-3-bt-g-roumier"
"Chambolle-Musigny 1er Cru Les Cras 2022","Domaine Georges Roumier","2022","Bourgogne","Bourgogne","L'avis The Wine Watchers :

Nous sélectionnons le **Chambolle-Musigny du Domaine Georges Roumier** pour sa capacité exceptionnelle à exprimer toute la finesse et la noblesse de l'appellation. Ce vin incarne avec une rare justesse l'élégance du Pinot Noir bourguignon, où la délicatesse aromatique s'allie à une profondeur et une précision remarquables.

Ce qui nous séduit particulièrement est son équilibre naturel. Dès les premières années, le vin dévoile un bouquet raffiné de cerise, de framboise, de violette et de pétales de rose, soutenu par une texture soyeuse et des tanins d'une extrême finesse. La minéralité discrète, signature des grands terroirs de Chambolle-Musigny, apporte fraîcheur, tension et une remarquable sensation de pureté.

Nous apprécions également la philosophie du Domaine Georges Roumier, fondée sur une viticulture exigeante et une intervention mesurée en cave. Chaque cuvée privilégie l'expression du terroir plutôt que la recherche de puissance, donnant naissance à des vins d'une grande authenticité, immédiatement reconnaissables par leur équilibre et leur élégance.

Avec les années, le Chambolle-Musigny gagne en profondeur et développe de subtiles notes de sous-bois, de truffe, d'épices douces et de thé noir, tout en conservant son éclat et sa fraîcheur. Son potentiel de garde permet une évolution harmonieuse pendant de nombreuses années, révélant progressivement toute la complexité de son terroir.

Pour **The Wine Watchers**, le **Chambolle-Musigny du Domaine Georges Roumier** représente l'une des plus belles expressions de cette appellation mythique. Élégant, racé et d'une remarquable précision, il illustre parfaitement le savoir-faire de l'un des domaines les plus prestigieux de Bourgogne et figure parmi les grandes références du Pinot Noir contemporain.","chambolle-musigny-2020-g-roumier"
"Gevrey-Chambertin""Clos St-Jacques"" 1er Cru 2013","Domaine Jean-Marie Fourrier","2013","Bourgogne","Bourgogne","L'avis The Wine Watchers :

Nous sélectionnons les vins du **Domaine Jean-Marie Fourrier** pour leur pureté d'expression, leur remarquable finesse et leur capacité à révéler avec une grande fidélité les plus beaux terroirs de Gevrey-Chambertin. Chaque cuvée traduit une vision où l'élégance prime sur la démonstration de puissance, laissant le Pinot Noir exprimer toute la richesse de son origine.
Ce qui nous séduit particulièrement est l'équilibre entre délicatesse et profondeur. Les vins offrent un fruit d'une grande précision, des tanins soyeux et une texture particulièrement raffinée, soutenus par une fraîcheur naturelle qui apporte énergie et longueur. Cette harmonie confère à chaque bouteille une sensation de fluidité et de pureté rarement égalée.
Nous apprécions également la philosophie de Jean-Marie Fourrier, fondée sur une intervention minimale aussi bien à la vigne qu'au chai. Les faibles rendements, les vinifications douces et les élevages parfaitement maîtrisés permettent au terroir de s'exprimer sans artifice, offrant des vins d'une authenticité remarquable et immédiatement reconnaissables.
Avec les années, les arômes de cerise, de framboise, de violette et de rose évoluent progressivement vers des notes de truffe, de sous-bois, de cuir noble, de thé noir et d'épices fines. Cette évolution harmonieuse témoigne du remarquable potentiel de garde des plus grandes cuvées du domaine.
Pour **The Wine Watchers**, le **Domaine Jean-Marie Fourrier** incarne l'une des expressions les plus élégantes et les plus sincères de la Bourgogne contemporaine. Profonds, précis et profondément marqués par leur terroir, ses vins figurent parmi les plus belles références de Gevrey-Chambertin et séduisent les amateurs en quête d'émotion, de finesse et d'authenticité.","gevrey-chambertin-clos-st-jacques-1er-cru-2013-fourrier"
"Gevrey-Chambertin""Clos St-Jacques"" 1er Cru 2015","Domaine Jean-Marie Fourrier","2015","Bourgogne","Bourgogne","L'avis The Wine Watchers :

Nous sélectionnons les vins du **Domaine Jean-Marie Fourrier** pour leur pureté d'expression, leur remarquable finesse et leur capacité à révéler avec une grande fidélité les plus beaux terroirs de Gevrey-Chambertin. Chaque cuvée traduit une vision où l'élégance prime sur la démonstration de puissance, laissant le Pinot Noir exprimer toute la richesse de son origine.
Ce qui nous séduit particulièrement est l'équilibre entre délicatesse et profondeur. Les vins offrent un fruit d'une grande précision, des tanins soyeux et une texture particulièrement raffinée, soutenus par une fraîcheur naturelle qui apporte énergie et longueur. Cette harmonie confère à chaque bouteille une sensation de fluidité et de pureté rarement égalée.
Nous apprécions également la philosophie de Jean-Marie Fourrier, fondée sur une intervention minimale aussi bien à la vigne qu'au chai. Les faibles rendements, les vinifications douces et les élevages parfaitement maîtrisés permettent au terroir de s'exprimer sans artifice, offrant des vins d'une authenticité remarquable et immédiatement reconnaissables.
Avec les années, les arômes de cerise, de framboise, de violette et de rose évoluent progressivement vers des notes de truffe, de sous-bois, de cuir noble, de thé noir et d'épices fines. Cette évolution harmonieuse témoigne du remarquable potentiel de garde des plus grandes cuvées du domaine.
Pour **The Wine Watchers**, le **Domaine Jean-Marie Fourrier** incarne l'une des expressions les plus élégantes et les plus sincères de la Bourgogne contemporaine. Profonds, précis et profondément marqués par leur terroir, ses vins figurent parmi les plus belles références de Gevrey-Chambertin et séduisent les amateurs en quête d'émotion, de finesse et d'authenticité.","gevrey-chambertin-clos-st-jacques-1er-cru-2015-fourrier"
"Gevrey-Chambertin""Clos St-Jacques"" 1er Cru 2017","Domaine Jean-Marie Fourrier","2017","Bourgogne","Bourgogne","L'avis The Wine Watchers :

Nous sélectionnons les vins du **Domaine Jean-Marie Fourrier** pour leur pureté d'expression, leur remarquable finesse et leur capacité à révéler avec une grande fidélité les plus beaux terroirs de Gevrey-Chambertin. Chaque cuvée traduit une vision où l'élégance prime sur la démonstration de puissance, laissant le Pinot Noir exprimer toute la richesse de son origine.
Ce qui nous séduit particulièrement est l'équilibre entre délicatesse et profondeur. Les vins offrent un fruit d'une grande précision, des tanins soyeux et une texture particulièrement raffinée, soutenus par une fraîcheur naturelle qui apporte énergie et longueur. Cette harmonie confère à chaque bouteille une sensation de fluidité et de pureté rarement égalée.
Nous apprécions également la philosophie de Jean-Marie Fourrier, fondée sur une intervention minimale aussi bien à la vigne qu'au chai. Les faibles rendements, les vinifications douces et les élevages parfaitement maîtrisés permettent au terroir de s'exprimer sans artifice, offrant des vins d'une authenticité remarquable et immédiatement reconnaissables.
Avec les années, les arômes de cerise, de framboise, de violette et de rose évoluent progressivement vers des notes de truffe, de sous-bois, de cuir noble, de thé noir et d'épices fines. Cette évolution harmonieuse témoigne du remarquable potentiel de garde des plus grandes cuvées du domaine.
Pour **The Wine Watchers**, le **Domaine Jean-Marie Fourrier** incarne l'une des expressions les plus élégantes et les plus sincères de la Bourgogne contemporaine. Profonds, précis et profondément marqués par leur terroir, ses vins figurent parmi les plus belles références de Gevrey-Chambertin et séduisent les amateurs en quête d'émotion, de finesse et d'authenticité.","gevrey-chambertin-clos-st-jacques-1er-cru-2017-fourrier"
"Gevrey-Chambertin""Clos St-Jacques"" 1er Cru 2019","Domaine Jean-Marie Fourrier","2019","Bourgogne","Bourgogne","L'avis The Wine Watchers :

Nous sélectionnons les vins du **Domaine Jean-Marie Fourrier** pour leur pureté d'expression, leur remarquable finesse et leur capacité à révéler avec une grande fidélité les plus beaux terroirs de Gevrey-Chambertin. Chaque cuvée traduit une vision où l'élégance prime sur la démonstration de puissance, laissant le Pinot Noir exprimer toute la richesse de son origine.
Ce qui nous séduit particulièrement est l'équilibre entre délicatesse et profondeur. Les vins offrent un fruit d'une grande précision, des tanins soyeux et une texture particulièrement raffinée, soutenus par une fraîcheur naturelle qui apporte énergie et longueur. Cette harmonie confère à chaque bouteille une sensation de fluidité et de pureté rarement égalée.
Nous apprécions également la philosophie de Jean-Marie Fourrier, fondée sur une intervention minimale aussi bien à la vigne qu'au chai. Les faibles rendements, les vinifications douces et les élevages parfaitement maîtrisés permettent au terroir de s'exprimer sans artifice, offrant des vins d'une authenticité remarquable et immédiatement reconnaissables.
Avec les années, les arômes de cerise, de framboise, de violette et de rose évoluent progressivement vers des notes de truffe, de sous-bois, de cuir noble, de thé noir et d'épices fines. Cette évolution harmonieuse témoigne du remarquable potentiel de garde des plus grandes cuvées du domaine.
Pour **The Wine Watchers**, le **Domaine Jean-Marie Fourrier** incarne l'une des expressions les plus élégantes et les plus sincères de la Bourgogne contemporaine. Profonds, précis et profondément marqués par leur terroir, ses vins figurent parmi les plus belles références de Gevrey-Chambertin et séduisent les amateurs en quête d'émotion, de finesse et d'authenticité.","gevrey-chambertin-clos-st-jacques-1er-cru-2019-fourrier"
"Gevrey-Chambertin""Clos St-Jacques"" 1er Cru 2022","Domaine Jean-Marie Fourrier","2022","Bourgogne","Bourgogne","L'avis The Wine Watchers :

Nous sélectionnons les vins du **Domaine Jean-Marie Fourrier** pour leur pureté d'expression, leur remarquable finesse et leur capacité à révéler avec une grande fidélité les plus beaux terroirs de Gevrey-Chambertin. Chaque cuvée traduit une vision où l'élégance prime sur la démonstration de puissance, laissant le Pinot Noir exprimer toute la richesse de son origine.
Ce qui nous séduit particulièrement est l'équilibre entre délicatesse et profondeur. Les vins offrent un fruit d'une grande précision, des tanins soyeux et une texture particulièrement raffinée, soutenus par une fraîcheur naturelle qui apporte énergie et longueur. Cette harmonie confère à chaque bouteille une sensation de fluidité et de pureté rarement égalée.
Nous apprécions également la philosophie de Jean-Marie Fourrier, fondée sur une intervention minimale aussi bien à la vigne qu'au chai. Les faibles rendements, les vinifications douces et les élevages parfaitement maîtrisés permettent au terroir de s'exprimer sans artifice, offrant des vins d'une authenticité remarquable et immédiatement reconnaissables.
Avec les années, les arômes de cerise, de framboise, de violette et de rose évoluent progressivement vers des notes de truffe, de sous-bois, de cuir noble, de thé noir et d'épices fines. Cette évolution harmonieuse témoigne du remarquable potentiel de garde des plus grandes cuvées du domaine.
Pour **The Wine Watchers**, le **Domaine Jean-Marie Fourrier** incarne l'une des expressions les plus élégantes et les plus sincères de la Bourgogne contemporaine. Profonds, précis et profondément marqués par leur terroir, ses vins figurent parmi les plus belles références de Gevrey-Chambertin et séduisent les amateurs en quête d'émotion, de finesse et d'authenticité.","gevrey-chambertin-clos-st-jacques-1er-cru-2022-fourrier"
"Gevrey-Chambertin""Clos St-Jacques"" 1er Cru 2023","Domaine Jean-Marie Fourrier","2023","Bourgogne","Bourgogne","L'avis The Wine Watchers :

Nous sélectionnons les vins du **Domaine Jean-Marie Fourrier** pour leur pureté d'expression, leur remarquable finesse et leur capacité à révéler avec une grande fidélité les plus beaux terroirs de Gevrey-Chambertin. Chaque cuvée traduit une vision où l'élégance prime sur la démonstration de puissance, laissant le Pinot Noir exprimer toute la richesse de son origine.
Ce qui nous séduit particulièrement est l'équilibre entre délicatesse et profondeur. Les vins offrent un fruit d'une grande précision, des tanins soyeux et une texture particulièrement raffinée, soutenus par une fraîcheur naturelle qui apporte énergie et longueur. Cette harmonie confère à chaque bouteille une sensation de fluidité et de pureté rarement égalée.
Nous apprécions également la philosophie de Jean-Marie Fourrier, fondée sur une intervention minimale aussi bien à la vigne qu'au chai. Les faibles rendements, les vinifications douces et les élevages parfaitement maîtrisés permettent au terroir de s'exprimer sans artifice, offrant des vins d'une authenticité remarquable et immédiatement reconnaissables.
Avec les années, les arômes de cerise, de framboise, de violette et de rose évoluent progressivement vers des notes de truffe, de sous-bois, de cuir noble, de thé noir et d'épices fines. Cette évolution harmonieuse témoigne du remarquable potentiel de garde des plus grandes cuvées du domaine.
Pour **The Wine Watchers**, le **Domaine Jean-Marie Fourrier** incarne l'une des expressions les plus élégantes et les plus sincères de la Bourgogne contemporaine. Profonds, précis et profondément marqués par leur terroir, ses vins figurent parmi les plus belles références de Gevrey-Chambertin et séduisent les amateurs en quête d'émotion, de finesse et d'authenticité.","gevrey-chambertin-clos-st-jacques-1er-cru-2023-fourrier"
"Richebourg Grand Cru 2001","Domaine Leroy","2001","Bourgogne","Bourgogne","L'avis The Wine Watchers
Nous sélectionnons ce Richebourg Grand Cru 2001 du Domaine Leroy pour la noblesse de ses arômes, la précision de son interprétation par le domaine et sa capacité à exprimer avec justesse l'identité de la Bourgogne. Plus qu'un simple symbole de prestige, il représente une rencontre rare entre un terroir d'exception, un savoir-faire exigeant et une expression singulière du Pinot Noir. Chaque millésime révèle une nouvelle lecture du lieu, avec cet équilibre entre profondeur, finesse et émotion qui fait des grands vins de Bourgogne des références intemporelles.","richebourg-2001-domaine-leroy"
"Richebourg Grand Cru 2009","Domaine Leroy","2009","Bourgogne","Bourgogne","L'avis The Wine Watchers
Nous sélectionnons ce Richebourg Grand Cru 2009 du Domaine Leroy pour la noblesse de ses arômes, la précision de son interprétation par le domaine et sa capacité à exprimer avec justesse l'identité de la Bourgogne. Plus qu'un simple symbole de prestige, il représente une rencontre rare entre un terroir d'exception, un savoir-faire exigeant et une expression singulière du Pinot Noir. Chaque millésime révèle une nouvelle lecture du lieu, avec cet équilibre entre profondeur, finesse et émotion qui fait des grands vins de Bourgogne des références intemporelles.","richebourg-grand-cru-2009"
"Clos de Vougeot Grand Cru 2019","Domaine Méo-Camuzet","2019","Côte de Nuits","Bourgogne","L’avis The Wine Watchers :

Nous sélectionnons les vins du **Domaine Méo-Camuzet** pour leur profondeur, leur raffinement et leur capacité à restituer avec une remarquable précision la personnalité des grands terroirs de Vosne-Romanée et de la Côte de Nuits. Le domaine possède cette faculté rare de conjuguer richesse de matière et élégance, sans jamais sacrifier l’identité du climat au profit d’un style uniforme.

Ce qui nous séduit particulièrement est la texture des vins. Le Pinot Noir y développe une matière généreuse et soyeuse, portée par des tanins d’une grande finesse et une fraîcheur qui apporte équilibre, énergie et longueur. Cette alliance entre concentration et délicatesse donne naissance à des vins profonds, sensuels et remarquablement harmonieux.

Nous apprécions également la philosophie de **Jean-Nicolas Méo**, héritière d’un patrimoine familial exceptionnel et profondément marquée par l’enseignement d’Henri Jayer. Le travail précis à la vigne, la recherche d’une maturité optimale, les extractions maîtrisées et les élevages soigneusement adaptés à chaque cuvée permettent aux différents terroirs de conserver leur personnalité.

Dans leur jeunesse, les vins dévoilent des arômes de cerise noire, de framboise, de violette et d’épices, accompagnés de nuances de réglisse et de bois précieux. Avec le temps, ils gagnent en complexité et développent des notes de truffe, de sous-bois, de cuir fin, de thé noir et d’épices nobles, tandis que leur texture devient progressivement plus soyeuse.

Pour **The Wine Watchers**, le Domaine Méo-Camuzet incarne l’une des expressions les plus séduisantes de la Bourgogne contemporaine. Des Premiers Crus de Vosne-Romanée jusqu’aux prestigieux Richebourg, Clos de Vougeot et Corton, ses vins associent caractère, précision et remarquable potentiel d’évolution. Une signature incontournable pour les amateurs recherchant dans les grands Pinot Noir bourguignons autant la profondeur que l’élégance.","clos-de-vougeot-grand-cru-2019-domaine-meo-camuzet"
"Clos de Vougeot Grand Cru 2020","Domaine Méo-Camuzet","2020","Côte de Nuits","Bourgogne","Ce Clos de Vougeot 2020 occupe une place singulière dans la gamme de Méo-Camuzet : il provient d’une vaste parcelle d’un seul tenant, située en haut du Clos, au pied du château, là où les sols peu profonds et pierreux imposent aux racines un travail en profondeur. Le domaine en livre une lecture moins massive que racée, portée par une texture enveloppante, une maturité précoce des raisins et une recherche de longueur assumée. En 2020, millésime solaire mais tenu par une acidité remarquable, le vin gagne en densité sans basculer dans la lourdeur : fruit noir concentré, nuances florales, accents toastés et matière sapide composent un ensemble encore fermement structuré. C’est une bouteille de garde, davantage à attendre qu’à ouvrir dans sa jeunesse, retenue par The Wine Watchers pour l’alliance rare entre l’autorité du Clos et le toucher très raffiné de Méo-Camuzet.","clos-de-vougeot-grand-cru-2020-domaine-meo-camuzet"
"Chambertin Grand Cru 2021","Domaine Trapet","2021","Bourgogne","Bourgogne","L'avis The Wine Watchers :
Nous sélectionnons ce Chambertin Grand Cru 2021 du Domaine Trapet pour la noblesse de ses arômes, la précision de son interprétation par le domaine et sa capacité à exprimer avec justesse l'identité de la Bourgogne. Plus qu'un simple symbole de prestige, il représente une rencontre rare entre un terroir d'exception, un savoir-faire exigeant et une expression singulière du Pinot Noir. Chaque millésime révèle une nouvelle lecture du lieu, avec cet équilibre entre profondeur, finesse et émotion qui fait des grands vins de Bourgogne des références intemporelles.","chambertin-grand-cru-2021-domaine-trapet"
"Chambertin Grand Cru 2022","Domaine Trapet","2022","Bourgogne","Bourgogne","L'avis The Wine Watchers
Nous sélectionnons ce Chambertin Grand Cru 2022 du Domaine Trapet pour la noblesse de ses arômes, la précision de son interprétation par le domaine et sa capacité à exprimer avec justesse l'identité de la Bourgogne. Plus qu'un simple symbole de prestige, il représente une rencontre rare entre un terroir d'exception, un savoir-faire exigeant et une expression singulière du Pinot Noir. Chaque millésime révèle une nouvelle lecture du lieu, avec cet équilibre entre profondeur, finesse et émotion qui fait des grands vins de Bourgogne des références intemporelles.","chambertin-grand-cru-2022-domaine-trapet"
"Chapelle Chambertin Grand Cru 2020","Domaine Trapet","2020","Bourgogne","Bourgogne","L'avis The Wine Watchers
Nous sélectionnons ce Chapelle-Chambertin Grand Cru 2020 du Domaine Trapet pour la noblesse de ses arômes, la précision de son interprétation par le domaine et sa capacité à exprimer avec justesse l'identité de la Bourgogne. Plus qu'un simple symbole de prestige, il représente une rencontre rare entre un terroir d'exception, un savoir-faire exigeant et une expression singulière du Pinot Noir. Chaque millésime révèle une nouvelle lecture du lieu, avec cet équilibre entre profondeur, finesse et émotion qui fait des grands vins de Bourgogne des références intemporelles.","chapelle-chambertin-2020-domaine-trapet"
"Bonnes-Mares Grand Cru 2018","Maison Louis Jadot","2018","Bourgogne","Bourgogne","L'avis The Wine Watchers
Nous sélectionnons ce Bonnes-Mares Grand Cru 2018 du Domaine Louis Jadot pour la noblesse de ses arômes, la précision de son interprétation par le domaine et sa capacité à exprimer avec justesse l'identité de la Bourgogne. Plus qu'un simple symbole de prestige, il représente une rencontre rare entre un terroir d'exception, un savoir-faire exigeant et une expression singulière du Pinot Noir. Chaque millésime révèle une nouvelle lecture du lieu, avec cet équilibre entre profondeur, finesse et émotion qui fait des grands vins de Bourgogne des références intemporelles.","bonnes-mares-grand-cru-2018"
"Bonnes-Mares Grand Cru 2019","Maison Louis Jadot","2019","Bourgogne","Bourgogne","L'avis The Wine Watchers
Nous sélectionnons ce Bonnes-Mares Grand Cru 2019 du Domaine Louis Jadot pour la noblesse de ses arômes, la précision de son interprétation par le domaine et sa capacité à exprimer avec justesse l'identité de la Bourgogne. Plus qu'un simple symbole de prestige, il représente une rencontre rare entre un terroir d'exception, un savoir-faire exigeant et une expression singulière du Pinot Noir. Chaque millésime révèle une nouvelle lecture du lieu, avec cet équilibre entre profondeur, finesse et émotion qui fait des grands vins de Bourgogne des références intemporelles.","bonnes-mares-grand-cru-2019"
"Bonnes-Mares Grand Cru 2020","Maison Louis Jadot","2020","Bourgogne","Bourgogne","L'avis The Wine Watchers
Nous sélectionnons ce Bonnes-Mares Grand Cru 2020 du Domaine Louis Jadot pour la noblesse de ses arômes, la précision de son interprétation par le domaine et sa capacité à exprimer avec justesse l'identité de la Bourgogne. Plus qu'un simple symbole de prestige, il représente une rencontre rare entre un terroir d'exception, un savoir-faire exigeant et une expression singulière du Pinot Noir. Chaque millésime révèle une nouvelle lecture du lieu, avec cet équilibre entre profondeur, finesse et émotion qui fait des grands vins de Bourgogne des références intemporelles.","bonnes-mares-2020-louis-jadot"
"Bonnes-Mares Grand Cru 2021","Maison Louis Jadot","2021","Bourgogne","Bourgogne","L'avis The Wine Watchers
Nous sélectionnons ce Bonnes-Mares Grand Cru 2021 du Domaine Louis Jadot pour la noblesse de ses arômes, la précision de son interprétation par le domaine et sa capacité à exprimer avec justesse l'identité de la Bourgogne. Plus qu'un simple symbole de prestige, il représente une rencontre rare entre un terroir d'exception, un savoir-faire exigeant et une expression singulière du Pinot Noir. Chaque millésime révèle une nouvelle lecture du lieu, avec cet équilibre entre profondeur, finesse et émotion qui fait des grands vins de Bourgogne des références intemporelles.","bonnes-mares-2021-jadot"
